d	rows_due	amt	loans	ontime_rows	ontime_amt	late_rows	late_amt	open_rows	open_amt
2026-08-31	351	48381.05	351	203	26448.12	25	4059.49	123	17623.44
2026-09-01	320	36917.69	320	222	24020.63	33	3805.92	65	8792.75
2026-09-02	131	16795.53	131	79	11145.03	24	2410.56	28	2927.94
2026-09-03	116	14826.26	116	76	9519.13	16	2247.52	24	2979.61
2026-09-04	55	5940.37	55	27	2309.88	11	1553.18	17	1975.04
2026-09-05	271	33591.38	269	152	18806.99	59	6983.79	60	7800.60
2026-09-06	80	9920.72	80	41	5241.00	27	3386.72	12	1293.00
2026-09-07	415	50501.88	415	238	28008.06	78	9801.36	99	12516.46
2026-09-08	103	11244.87	103	49	4769.74	22	2390.76	32	4034.37
2026-09-09	23	3224.85	23	9	1018.00	8	885.11	6	1321.74
2026-09-10	638	78568.29	638	399	45357.00	79	9543.77	160	21954.30
2026-09-11	105	11834.86	105	63	7117.68	12	1677.43	30	3039.75
2026-09-12	117	14077.66	117	91	10746.66	10	1235.00	16	2096.00
2026-09-13	44	6139.47	44	33	4429.00	6	1084.27	5	626.20
2026-09-14	158	19449.82	158	113	13878.77	6	724.00	39	4846.49
2026-09-15	615	73717.32	615	411	47278.39	40	5974.77	164	19782.63
2026-09-16	109	13929.97	109	80	10238.24	9	872.00	20	2659.73
2026-09-17	100	11886.20	100	71	8469.60	9	927.97	20	2488.63
2026-09-18	76	9863.68	76	48	5256.44	5	444.00	23	4003.24
2026-09-19	12	1462.21	12	9	1043.21	1	103.00	2	316.00
2026-09-20	374	45346.64	374	217	26287.85	8	777.00	149	17584.93
2026-09-21	489	56009.56	489	188	21285.58	0	0.00	301	33799.78
