d	upTo1	oneTo5	over5	delivered	avgDays
2026-09-02	3	0	0	0	NULL
2026-09-03	19	4	0	1	1.0
2026-09-04	39	9	3	2	1.9
2026-09-05	58	21	4	0	NULL
2026-09-06	30	46	7	0	NULL
2026-09-07	29	70	5	9	5.0
2026-09-08	60	22	2	52	4.2
2026-09-09	57	25	2	29	3.6
2026-09-10	54	29	6	21	2.7
2026-09-11	40	31	5	36	2.9
2026-09-12	49	48	5	0	NULL
2026-09-13	57	66	10	0	NULL
2026-09-14	56	73	11	25	5.1
2026-09-15	39	74	17	26	3.7
2026-09-16	47	27	13	78	4.0
2026-09-17	64	9	9	46	2.9
2026-09-18	47	18	10	37	1.8
2026-09-19	48	40	11	0	NULL
2026-09-20	24	60	15	0	NULL
2026-09-21	15	67	16	19	4.1
