entity_type	d	status	n
1	2026-09-02	20	3
1	2026-09-03	20	28
1	2026-09-03	45	2
1	2026-09-03	80	1
1	2026-09-04	20	36
1	2026-09-04	25	3
1	2026-09-04	45	21
1	2026-09-04	80	3
1	2026-09-05	20	71
1	2026-09-05	25	3
1	2026-09-05	45	21
1	2026-09-05	80	3
1	2026-09-06	20	71
1	2026-09-06	25	3
1	2026-09-06	45	21
1	2026-09-06	80	3
1	2026-09-07	20	46
1	2026-09-07	25	8
1	2026-09-07	35	10
1	2026-09-07	45	45
1	2026-09-07	50	14
1	2026-09-07	80	14
1	2026-09-08	20	46
1	2026-09-08	25	1
1	2026-09-08	30	1
1	2026-09-08	35	11
1	2026-09-08	45	38
1	2026-09-08	50	11
1	2026-09-08	80	71
1	2026-09-09	20	37
1	2026-09-09	25	1
1	2026-09-09	30	1
1	2026-09-09	35	28
1	2026-09-09	40	1
1	2026-09-09	45	21
1	2026-09-09	50	14
1	2026-09-09	80	108
1	2026-09-09	86	2
1	2026-09-10	20	40
1	2026-09-10	25	4
1	2026-09-10	30	8
1	2026-09-10	35	10
1	2026-09-10	45	34
1	2026-09-10	50	15
1	2026-09-10	70	2
1	2026-09-10	80	129
1	2026-09-10	86	2
1	2026-09-11	20	33
1	2026-09-11	22	5
1	2026-09-11	25	8
1	2026-09-11	30	3
1	2026-09-11	35	7
1	2026-09-11	40	1
1	2026-09-11	45	35
1	2026-09-11	50	7
1	2026-09-11	70	3
1	2026-09-11	80	173
1	2026-09-11	99	1
1	2026-09-12	20	61
1	2026-09-12	22	5
1	2026-09-12	25	8
1	2026-09-12	30	3
1	2026-09-12	35	7
1	2026-09-12	40	1
1	2026-09-12	45	35
1	2026-09-12	50	7
1	2026-09-12	70	3
1	2026-09-12	80	173
1	2026-09-12	99	1
1	2026-09-13	20	94
1	2026-09-13	22	5
1	2026-09-13	25	8
1	2026-09-13	30	3
1	2026-09-13	35	7
1	2026-09-13	40	1
1	2026-09-13	45	35
1	2026-09-13	50	7
1	2026-09-13	70	3
1	2026-09-13	80	173
1	2026-09-13	99	1
1	2026-09-14	20	31
1	2026-09-14	22	5
1	2026-09-14	25	18
1	2026-09-14	30	12
1	2026-09-14	35	4
1	2026-09-14	45	84
1	2026-09-14	50	7
1	2026-09-14	70	1
1	2026-09-14	80	208
1	2026-09-14	99	3
1	2026-09-15	20	19
1	2026-09-15	22	5
1	2026-09-15	25	12
1	2026-09-15	30	10
1	2026-09-15	35	6
1	2026-09-15	45	46
1	2026-09-15	50	53
1	2026-09-15	70	1
1	2026-09-15	80	238
1	2026-09-15	99	3
1	2026-09-16	20	37
1	2026-09-16	22	4
1	2026-09-16	25	4
1	2026-09-16	30	1
1	2026-09-16	35	4
1	2026-09-16	45	31
1	2026-09-16	50	8
1	2026-09-16	70	5
1	2026-09-16	80	330
1	2026-09-16	90	1
1	2026-09-16	99	7
1	2026-09-17	22	5
1	2026-09-17	25	38
1	2026-09-17	30	2
1	2026-09-17	35	5
1	2026-09-17	45	32
1	2026-09-17	50	10
1	2026-09-17	70	1
1	2026-09-17	80	378
1	2026-09-17	90	1
1	2026-09-17	99	7
1	2026-09-18	20	28
1	2026-09-18	22	5
1	2026-09-18	25	2
1	2026-09-18	35	4
1	2026-09-18	45	30
1	2026-09-18	50	10
1	2026-09-18	70	5
1	2026-09-18	80	421
1	2026-09-18	90	1
1	2026-09-18	99	7
1	2026-09-19	20	58
1	2026-09-19	22	5
1	2026-09-19	25	2
1	2026-09-19	35	4
1	2026-09-19	45	30
1	2026-09-19	50	10
1	2026-09-19	70	5
1	2026-09-19	80	421
1	2026-09-19	90	1
1	2026-09-19	99	7
1	2026-09-20	20	54
1	2026-09-20	22	5
1	2026-09-20	25	2
1	2026-09-20	35	5
1	2026-09-20	45	30
1	2026-09-20	50	13
1	2026-09-20	70	5
1	2026-09-20	80	421
1	2026-09-20	90	1
1	2026-09-20	99	7
1	2026-09-21	20	24
1	2026-09-21	22	7
1	2026-09-21	25	24
1	2026-09-21	30	23
1	2026-09-21	35	9
1	2026-09-21	45	7
1	2026-09-21	50	17
1	2026-09-21	70	4
1	2026-09-21	80	443
1	2026-09-21	90	1
1	2026-09-21	99	7
2	2026-09-03	45	3
2	2026-09-04	45	24
2	2026-09-05	45	24
2	2026-09-06	45	24
2	2026-09-07	35	10
2	2026-09-07	40	1
2	2026-09-07	45	72
2	2026-09-08	35	11
2	2026-09-08	40	9
2	2026-09-08	45	111
2	2026-09-09	35	28
2	2026-09-09	40	10
2	2026-09-09	45	134
2	2026-09-09	86	2
2	2026-09-10	35	10
2	2026-09-10	40	8
2	2026-09-10	45	172
2	2026-09-10	86	2
2	2026-09-11	35	7
2	2026-09-11	40	9
2	2026-09-11	45	210
2	2026-09-11	86	1
2	2026-09-12	35	7
2	2026-09-12	40	9
2	2026-09-12	45	210
2	2026-09-12	86	1
2	2026-09-13	35	7
2	2026-09-13	40	9
2	2026-09-13	45	210
2	2026-09-13	86	1
2	2026-09-14	35	4
2	2026-09-14	40	8
2	2026-09-14	45	292
2	2026-09-14	86	1
2	2026-09-15	35	6
2	2026-09-15	40	10
2	2026-09-15	45	328
2	2026-09-15	86	1
2	2026-09-16	35	4
2	2026-09-16	40	10
2	2026-09-16	45	365
2	2026-09-16	86	1
2	2026-09-17	35	5
2	2026-09-17	40	11
2	2026-09-17	45	411
2	2026-09-17	86	1
2	2026-09-18	35	4
2	2026-09-18	40	11
2	2026-09-18	45	456
2	2026-09-18	86	1
2	2026-09-19	35	4
2	2026-09-19	40	11
2	2026-09-19	45	456
2	2026-09-19	86	1
2	2026-09-20	35	5
2	2026-09-20	40	14
2	2026-09-20	45	456
2	2026-09-20	86	1
2	2026-09-21	35	9
2	2026-09-21	40	14
2	2026-09-21	45	458
2	2026-09-21	86	1
4	2026-09-02	20	3
4	2026-09-03	20	21
4	2026-09-03	45	2
4	2026-09-03	80	1
4	2026-09-04	20	34
4	2026-09-04	25	2
4	2026-09-04	45	15
4	2026-09-04	80	3
4	2026-09-05	20	66
4	2026-09-05	25	2
4	2026-09-05	45	15
4	2026-09-05	80	3
4	2026-09-06	20	66
4	2026-09-06	25	2
4	2026-09-06	45	15
4	2026-09-06	80	3
4	2026-09-07	20	35
4	2026-09-07	25	7
4	2026-09-07	35	7
4	2026-09-07	45	42
4	2026-09-07	48	2
4	2026-09-07	50	11
4	2026-09-07	80	10
4	2026-09-07	81	2
4	2026-09-08	20	34
4	2026-09-08	35	11
4	2026-09-08	45	29
4	2026-09-08	48	2
4	2026-09-08	50	8
4	2026-09-08	80	62
4	2026-09-08	81	2
4	2026-09-09	20	31
4	2026-09-09	35	23
4	2026-09-09	40	1
4	2026-09-09	45	15
4	2026-09-09	48	3
4	2026-09-09	50	9
4	2026-09-09	80	89
4	2026-09-09	81	4
4	2026-09-09	86	2
4	2026-09-10	20	32
4	2026-09-10	25	3
4	2026-09-10	30	6
4	2026-09-10	35	7
4	2026-09-10	45	26
4	2026-09-10	47	1
4	2026-09-10	48	5
4	2026-09-10	50	5
4	2026-09-10	70	2
4	2026-09-10	80	110
4	2026-09-10	81	4
4	2026-09-10	86	2
4	2026-09-11	20	24
4	2026-09-11	22	3
4	2026-09-11	25	7
4	2026-09-11	30	2
4	2026-09-11	35	5
4	2026-09-11	40	1
4	2026-09-11	45	24
4	2026-09-11	47	1
4	2026-09-11	48	3
4	2026-09-11	50	3
4	2026-09-11	70	2
4	2026-09-11	80	146
4	2026-09-11	81	4
4	2026-09-11	99	1
4	2026-09-12	20	50
4	2026-09-12	22	3
4	2026-09-12	25	7
4	2026-09-12	30	2
4	2026-09-12	35	5
4	2026-09-12	40	1
4	2026-09-12	45	24
4	2026-09-12	47	1
4	2026-09-12	48	3
4	2026-09-12	50	3
4	2026-09-12	70	2
4	2026-09-12	80	146
4	2026-09-12	81	4
4	2026-09-12	99	1
4	2026-09-13	20	81
4	2026-09-13	22	3
4	2026-09-13	25	7
4	2026-09-13	30	2
4	2026-09-13	35	5
4	2026-09-13	40	1
4	2026-09-13	45	24
4	2026-09-13	47	1
4	2026-09-13	48	3
4	2026-09-13	50	3
4	2026-09-13	70	2
4	2026-09-13	80	146
4	2026-09-13	81	4
4	2026-09-13	99	1
4	2026-09-14	20	29
4	2026-09-14	22	3
4	2026-09-14	25	13
4	2026-09-14	30	8
4	2026-09-14	35	2
4	2026-09-14	45	71
4	2026-09-14	47	4
4	2026-09-14	48	3
4	2026-09-14	50	3
4	2026-09-14	70	1
4	2026-09-14	80	172
4	2026-09-14	81	3
4	2026-09-14	99	3
4	2026-09-15	20	15
4	2026-09-15	22	3
4	2026-09-15	25	12
4	2026-09-15	30	9
4	2026-09-15	35	4
4	2026-09-15	45	33
4	2026-09-15	47	1
4	2026-09-15	48	2
4	2026-09-15	50	47
4	2026-09-15	70	1
4	2026-09-15	80	198
4	2026-09-15	81	3
4	2026-09-15	99	3
4	2026-09-16	20	33
4	2026-09-16	22	2
4	2026-09-16	25	4
4	2026-09-16	30	1
4	2026-09-16	35	2
4	2026-09-16	45	30
4	2026-09-16	48	1
4	2026-09-16	50	6
4	2026-09-16	70	4
4	2026-09-16	80	275
4	2026-09-16	81	3
4	2026-09-16	90	1
4	2026-09-16	99	4
4	2026-09-17	22	3
4	2026-09-17	25	33
4	2026-09-17	30	1
4	2026-09-17	35	3
4	2026-09-17	45	24
4	2026-09-17	47	4
4	2026-09-17	48	1
4	2026-09-17	50	8
4	2026-09-17	70	1
4	2026-09-17	80	321
4	2026-09-17	81	3
4	2026-09-17	90	1
4	2026-09-17	99	4
4	2026-09-18	20	24
4	2026-09-18	22	3
4	2026-09-18	25	2
4	2026-09-18	35	2
4	2026-09-18	45	26
4	2026-09-18	48	1
4	2026-09-18	50	8
4	2026-09-18	70	5
4	2026-09-18	80	358
4	2026-09-18	81	3
4	2026-09-18	90	1
4	2026-09-18	99	4
4	2026-09-19	20	48
4	2026-09-19	22	3
4	2026-09-19	25	2
4	2026-09-19	35	2
4	2026-09-19	45	26
4	2026-09-19	48	1
4	2026-09-19	50	8
4	2026-09-19	70	5
4	2026-09-19	80	358
4	2026-09-19	81	3
4	2026-09-19	90	1
4	2026-09-19	99	4
4	2026-09-20	20	45
4	2026-09-20	22	3
4	2026-09-20	25	2
4	2026-09-20	35	3
4	2026-09-20	45	26
4	2026-09-20	48	1
4	2026-09-20	50	10
4	2026-09-20	70	5
4	2026-09-20	80	358
4	2026-09-20	81	3
4	2026-09-20	90	1
4	2026-09-20	99	4
4	2026-09-21	20	19
4	2026-09-21	22	5
4	2026-09-21	25	19
4	2026-09-21	30	21
4	2026-09-21	35	5
4	2026-09-21	45	5
4	2026-09-21	47	1
4	2026-09-21	48	1
4	2026-09-21	50	14
4	2026-09-21	70	4
4	2026-09-21	80	377
4	2026-09-21	81	3
4	2026-09-21	90	1
4	2026-09-21	99	4
