order_id	entered	delivered_at	city_grp	top_product_id
14555	2026-09-04 07:52:44.955	2026-09-09 12:54:26.054	Tbilisi	1985
15496	2026-09-03 15:27:22.928	NULL	Tbilisi	45909
15603	2026-09-04 07:03:33.603	2026-09-08 13:47:12.416	Other Cities	70313
15687	2026-09-03 15:11:38.928	2026-09-08 13:46:06.118	Other Cities	774
15699	2026-09-03 11:22:04.144	2026-09-07 13:39:58.696	Tbilisi	142308
15716	2026-09-03 11:32:45.223	2026-09-08 13:47:47.733	Other Cities	28155
15722	2026-09-03 08:28:32.808	2026-09-07 09:48:16.644	Other Cities	3748
15723	2026-09-03 07:06:04.685	2026-09-07 09:47:51.882	Tbilisi	2163
15725	2026-09-03 07:50:12.674	2026-09-04 13:24:58.377	Other Cities	50218
15726	2026-09-02 14:12:35.436	2026-09-03 13:50:24.319	Other Cities	342
55309	2026-09-03 15:13:36.197	2026-09-07 09:47:37.303	Tbilisi	138
55318	2026-09-04 06:51:49.151	2026-09-08 08:31:30.579	Other Cities	2489
55359	2026-09-03 13:54:15.785	2026-09-08 13:45:55.768	Tbilisi	1646
55365	2026-09-05 08:48:12.377	2026-09-08 13:47:59.960	Other Cities	142265
55370	2026-09-03 10:11:39.962	2026-09-07 10:02:29.999	Tbilisi	814
55375	2026-09-03 08:17:33.270	2026-09-07 10:02:16.167	Tbilisi	142265
55379	2026-09-04 12:07:43.458	2026-09-08 13:48:09.857	Other Cities	1731
55386	2026-09-04 11:53:54.944	2026-09-08 13:46:31.772	Other Cities	847
55387	2026-09-05 09:04:28.558	2026-09-10 07:09:09.378	Tbilisi	3745
55391	2026-09-03 09:07:25.147	2026-09-08 13:45:44.766	Other Cities	39324
55396	2026-09-05 06:46:40.625	2026-09-08 13:21:11.976	Tbilisi	38739
55415	2026-09-04 12:10:05.257	NULL	Tbilisi	242
55423	2026-09-05 06:46:56.013	2026-09-08 13:21:03.376	Tbilisi	2160
55433	2026-09-03 08:28:08.513	2026-09-08 13:45:36.936	Other Cities	38557
55434	2026-09-04 12:32:47.063	2026-09-08 13:20:44.139	Tbilisi	242
55445	2026-09-03 09:29:54.219	2026-09-08 13:20:34.709	Tbilisi	34359
55448	2026-09-02 11:45:02.442	2026-09-04 08:14:00.454	Without City	2127
55449	2026-09-03 11:02:32.753	2026-09-07 09:47:29.010	Tbilisi	3488
55450	2026-09-04 12:52:48.618	2026-09-08 13:20:25.309	Tbilisi	356
55458	2026-09-05 07:04:25.836	2026-09-08 13:20:14.754	Tbilisi	1059
55467	2026-09-07 10:24:04.406	2026-09-10 11:46:17.233	Other Cities	2514
55468	2026-09-04 09:55:43.410	2026-09-08 13:20:06.333	Tbilisi	2141
55490	2026-09-05 06:37:04.272	2026-09-09 12:46:51.037	Tbilisi	915
55497	2026-09-03 15:16:00.922	2026-09-09 12:49:37.563	Tbilisi	58088
55504	2026-09-04 06:41:59.578	2026-09-09 12:41:55.850	Tbilisi	58369
55532	2026-09-02 11:59:45.909	2026-09-08 17:37:04.830	Without City	142265
55541	2026-09-03 13:09:21.737	2026-09-07 10:01:55.344	Tbilisi	40659
55557	2026-09-03 07:01:45.081	2026-09-08 13:45:26.080	Other Cities	41546
55573	2026-09-03 14:03:02.259	2026-09-07 10:01:37.553	Tbilisi	913
55598	2026-09-08 11:48:59.220	2026-09-11 08:38:30.782	Without City	1994
55599	2026-09-03 15:10:34.037	2026-09-08 13:47:30.684	Tbilisi	39707
55604	2026-09-04 08:08:41.628	2026-09-14 13:00:04.953	Tbilisi	1975
55614	2026-09-04 08:18:51.969	2026-09-08 13:48:21.086	Other Cities	1682
55617	2026-09-04 13:55:52.214	2026-09-08 13:48:31.660	Other Cities	500
55628	2026-09-05 11:49:59.128	2026-09-08 13:19:40.742	Tbilisi	142260
55639	2026-09-04 07:55:56.732	2026-09-09 13:02:15.442	Other Cities	927
55641	2026-09-05 13:50:19.041	2026-09-08 13:19:30.449	Tbilisi	249
55649	2026-09-04 07:17:49.381	2026-09-08 13:19:23.480	Tbilisi	142300
55652	2026-09-04 10:44:03.684	2026-09-08 13:19:15.369	Tbilisi	142264
55669	2026-09-07 09:42:15.915	2026-09-09 13:01:57.478	Other Cities	249
55672	2026-09-04 09:35:24.238	2026-09-08 08:37:12.472	Tbilisi	57491
55678	2026-09-07 14:09:30.812	NULL	Without City	70301
55683	2026-09-04 11:31:46.158	2026-09-08 13:47:20.856	Other Cities	57552
55684	2026-09-04 11:33:19.383	2026-09-08 13:46:49.738	Without City	142301
55694	2026-09-04 07:46:55.693	2026-09-08 13:19:08.235	Without City	259
55695	2026-09-07 06:55:54.850	2026-09-14 08:22:50.444	Tbilisi	142262
55706	2026-09-05 07:19:19.387	2026-09-09 12:54:07.186	Tbilisi	459
55712	2026-09-03 13:40:52.916	2026-09-08 13:45:09.121	Without City	799
55728	2026-09-04 14:09:03.280	2026-09-08 13:44:52.079	Other Cities	38646
55737	2026-09-05 11:00:57.280	2026-09-08 13:18:59.280	Without City	39709
55742	2026-09-05 07:02:11.903	2026-09-08 13:18:49.737	Tbilisi	2161
55748	2026-09-04 11:41:25.545	2026-09-08 13:18:38.045	Tbilisi	500
55750	2026-09-04 11:44:52.550	2026-09-10 11:44:03.900	Other Cities	1994
55754	2026-09-04 11:32:57.734	2026-09-11 08:38:02.511	Tbilisi	2543
55758	2026-09-05 09:34:44.756	2026-09-08 13:47:03.636	Other Cities	437
55763	2026-09-04 13:16:03.714	2026-09-09 13:18:47.760	Tbilisi	2434
55774	2026-09-05 06:23:03.581	2026-09-08 13:43:30.890	Other Cities	888
55775	2026-09-07 09:45:26.176	2026-09-09 12:48:58.454	Tbilisi	900
55792	2026-09-04 13:16:19.786	2026-09-08 13:18:28.117	Tbilisi	1975
55795	2026-09-05 09:45:17.232	2026-09-09 12:48:15.548	Tbilisi	608
55818	2026-09-04 13:58:54.574	2026-09-08 13:17:52.131	Without City	434
55819	2026-09-05 12:38:40.495	2026-09-08 13:43:17.460	Other Cities	39776
55829	2026-09-04 13:36:58.008	2026-09-08 13:17:42.913	Tbilisi	927
55830	2026-09-07 07:13:29.011	2026-09-10 07:09:22.822	Without City	142265
55838	2026-09-08 11:37:34.369	2026-09-11 08:37:55.247	Tbilisi	1647
55844	2026-09-07 13:15:47.337	2026-09-09 12:36:35.966	Tbilisi	1472
55858	2026-09-05 11:15:50.588	2026-09-11 06:58:31.940	Tbilisi	2271
55862	2026-09-05 11:31:43.180	2026-09-11 15:20:56.218	Other Cities	142262
55871	2026-09-04 12:16:05.317	2026-09-08 13:17:34.258	Without City	142296
55877	2026-09-05 09:37:54.176	2026-09-09 12:53:47.765	Tbilisi	2554
55880	2026-09-04 12:36:30.559	2026-09-08 13:17:25.567	Without City	147
55883	2026-09-08 08:50:50.825	2026-09-14 08:22:38.898	Without City	41549
55885	2026-09-05 14:28:41.388	2026-09-14 08:01:10.766	Tbilisi	1796
55896	2026-09-05 10:09:24.176	2026-09-10 11:43:43.193	Other Cities	68727
55897	2026-09-07 11:02:36.271	2026-09-09 13:00:37.438	Without City	747
55906	2026-09-07 06:43:42.355	2026-09-09 13:04:54.918	Tbilisi	849
55909	2026-09-07 13:21:38.539	2026-09-09 12:53:28.818	Tbilisi	269
55914	2026-09-05 11:55:37.981	2026-09-08 13:17:02.602	Tbilisi	798
55920	2026-09-05 11:59:53.862	2026-09-09 13:03:46.361	Tbilisi	1883
55921	2026-09-07 14:09:08.536	2026-09-09 13:04:50.476	Tbilisi	1374
55922	2026-09-09 12:58:10.776	NULL	Tbilisi	1662
55930	2026-09-05 13:51:38.135	2026-09-08 13:16:52.288	Tbilisi	932
55932	2026-09-05 12:52:52.936	2026-09-08 13:16:43.958	Tbilisi	2145
55942	2026-09-05 11:22:53.730	2026-09-08 13:16:34.269	Without City	142265
55945	2026-09-09 13:14:31.281	2026-09-16 13:08:47.227	Other Cities	685
55953	2026-09-05 11:51:03.580	2026-09-08 13:42:57.248	Other Cities	1066
55954	2026-09-05 12:40:34.243	2026-09-09 12:36:17.240	Tbilisi	2182
55961	2026-09-05 14:05:39.750	2026-09-08 13:42:48.156	Other Cities	39999
55962	2026-09-05 13:44:29.141	2026-09-08 13:16:20.987	Without City	1086
55966	2026-09-05 09:01:13.752	2026-09-11 15:21:05.520	Without City	24438
55971	2026-09-08 10:06:48.936	2026-09-10 07:15:17.278	Tbilisi	1193
55981	2026-09-09 09:18:41.143	2026-09-11 15:21:14.713	Without City	848
55984	2026-09-08 10:10:40.778	2026-09-11 08:39:49.639	Tbilisi	142276
55988	2026-09-07 07:20:55.732	2026-09-10 11:43:49.083	Other Cities	71606
55991	2026-09-05 13:25:07.525	2026-09-08 13:16:11.101	Tbilisi	1086
56004	2026-09-05 13:02:38.364	2026-09-08 13:42:37.230	Other Cities	932
56007	2026-09-07 12:04:05.429	2026-09-09 12:47:26.387	Tbilisi	2160
56027	2026-09-07 14:10:11.602	2026-09-10 11:44:13.433	Other Cities	64146
56033	2026-09-08 10:56:15.491	2026-09-11 15:22:02.225	Other Cities	21802
56036	2026-09-07 14:16:51.618	2026-09-09 12:52:05.905	Tbilisi	2163
56038	2026-09-10 08:04:35.724	2026-09-14 08:22:28.101	Tbilisi	1086
56048	2026-09-07 11:58:23.203	NULL	Other Cities	660
56063	2026-09-09 12:28:01.723	2026-09-11 08:37:44.537	Tbilisi	427
56074	2026-09-07 13:31:15.059	NULL	Without City	684
56079	2026-09-08 11:19:45.645	2026-09-10 07:13:28.656	Tbilisi	1193
56082	2026-09-08 11:55:41.929	2026-09-15 07:12:56.531	Tbilisi	355
56086	2026-09-08 13:28:42.269	2026-09-15 07:11:41.923	Tbilisi	41548
56092	2026-09-08 10:58:50.942	2026-09-14 08:22:15.705	Tbilisi	142276
56106	2026-09-08 12:13:03.600	2026-09-11 08:37:24.658	Tbilisi	2140
56114	2026-09-07 08:42:05.403	2026-09-15 07:11:57.587	Tbilisi	2547
56121	2026-09-17 06:35:43.824	2026-09-18 07:29:32.393	Tbilisi	433
56123	2026-09-07 13:48:41.247	2026-09-09 13:00:11.569	Other Cities	1472
56133	2026-09-07 09:27:20.644	2026-09-10 07:15:37.072	Tbilisi	921
56141	2026-09-07 13:34:42.799	2026-09-16 06:58:46.251	Tbilisi	3745
56145	2026-09-08 11:03:32.946	2026-09-16 06:58:59.033	Tbilisi	39061
56157	2026-09-09 13:25:14.309	2026-09-17 07:29:20.452	Tbilisi	2413
56159	2026-09-07 13:27:22.083	2026-09-09 12:59:40.918	Tbilisi	862
56161	2026-09-07 11:06:41.841	2026-09-10 07:09:33.741	Tbilisi	1190
56174	2026-09-07 09:24:06.005	2026-09-09 12:59:15.131	Other Cities	41444
56176	2026-09-09 11:06:04.308	2026-09-15 07:13:13.290	Tbilisi	19219
56185	2026-09-07 12:12:03.188	2026-09-09 12:58:42.525	Other Cities	1566
56197	2026-09-13 06:40:47.931	2026-09-18 11:02:45.303	Other Cities	806
56200	2026-09-09 07:41:12.854	2026-09-14 08:21:53.767	Tbilisi	41546
56204	2026-09-07 13:54:02.264	2026-09-09 13:03:08.450	Other Cities	1663
56223	2026-09-07 10:21:01.467	2026-09-09 12:51:45.404	Tbilisi	2128
56241	2026-09-07 14:13:42.611	2026-09-09 12:35:02.705	Tbilisi	932
56254	2026-09-07 11:57:58.056	2026-09-09 12:58:12.976	Without City	40245
56261	2026-09-07 13:59:14.049	2026-09-09 12:57:59.180	Without City	117
56265	2026-09-08 07:50:54.848	2026-09-10 07:12:44.301	Without City	1994
56272	2026-09-08 09:48:36.226	2026-09-10 11:44:44.074	Other Cities	891
56273	2026-09-08 13:33:56.662	2026-09-11 08:37:10.166	Without City	880
56284	2026-09-08 11:42:42.692	2026-09-14 08:20:07.165	Tbilisi	3745
56288	2026-09-08 08:16:26.670	2026-09-11 08:36:56.945	Without City	142259
56290	2026-09-08 12:42:40.716	2026-09-10 11:43:16.909	Other Cities	649
56298	2026-09-09 13:04:32.733	2026-09-11 15:21:45.631	Other Cities	502
56305	2026-09-09 11:59:51.210	2026-09-14 08:21:08.194	Tbilisi	3224
56321	2026-09-09 13:16:42.257	2026-09-11 08:36:48.453	Tbilisi	42582
56334	2026-09-08 09:47:48.236	2026-09-14 12:30:36.493	Tbilisi	41202
56343	2026-09-08 08:22:42.874	2026-09-11 08:36:34.619	Tbilisi	1086
56344	2026-09-08 10:41:17.516	2026-09-10 11:45:08.295	Other Cities	39777
56345	2026-09-09 13:17:06.754	2026-09-14 08:16:05.835	Tbilisi	1441
56351	2026-09-08 12:36:43.833	2026-09-11 08:36:24.681	Tbilisi	356
56361	2026-09-08 10:20:14.088	2026-09-10 11:43:32.854	Tbilisi	249
56362	2026-09-08 10:17:24.743	2026-09-10 07:10:48.807	Tbilisi	1544
56373	2026-09-08 08:31:38.920	2026-09-11 08:36:09.053	Without City	2525
56376	2026-09-08 10:55:44.527	2026-09-10 07:10:20.879	Tbilisi	932
56380	2026-09-08 07:57:27.351	2026-09-10 11:45:31.453	Without City	891
56387	2026-09-08 11:15:24.423	2026-09-10 11:45:51.598	Without City	999
56393	2026-09-08 11:42:00.482	2026-09-10 11:46:06.123	Other Cities	481
56394	2026-09-09 12:35:05.476	2026-09-11 08:35:55.717	Tbilisi	747
56404	2026-09-09 07:46:03.965	2026-09-14 08:03:33.587	Tbilisi	142302
56413	2026-09-09 12:49:30.120	2026-09-11 08:35:47.069	Without City	66134
56423	2026-09-09 08:00:58.942	NULL	Tbilisi	19087
56428	2026-09-08 12:28:57.270	2026-09-11 15:20:59.677	Tbilisi	2157
56434	2026-09-11 12:47:36.450	2026-09-16 06:59:22.886	Without City	29788
56449	2026-09-08 13:08:33.617	2026-09-11 08:35:04.605	Without City	72394
56450	2026-09-09 12:58:51.379	2026-09-14 08:13:17.658	Tbilisi	41545
56455	2026-09-08 13:30:03.420	2026-09-11 08:34:19.930	Without City	142303
56459	2026-09-09 10:51:58.313	2026-09-16 07:02:18.444	Tbilisi	38484
56461	2026-09-14 06:55:53.455	2026-09-17 07:29:12.676	Without City	1102
56464	2026-09-09 13:41:36.251	2026-09-11 15:20:54.929	Other Cities	2492
56482	2026-09-09 10:03:09.393	2026-09-15 07:13:05.675	Tbilisi	3748
56494	2026-09-09 06:44:07.986	2026-09-11 09:01:56.586	Other Cities	3748
56496	2026-09-10 13:15:35.918	2026-09-16 13:08:27.719	Other Cities	2181
56506	2026-09-09 07:27:53.881	2026-09-16 13:08:33.276	Other Cities	848
56518	2026-09-10 10:26:43.428	2026-09-16 13:08:22.114	Without City	39720
56520	2026-09-09 08:41:30.284	NULL	Tbilisi	660
56521	2026-09-09 13:21:48.461	2026-09-16 13:08:14.962	Tbilisi	142262
56528	2026-09-09 12:34:30.379	2026-09-14 08:12:29.128	Without City	142263
56532	2026-09-09 08:37:56.825	2026-09-11 15:20:48.815	Without City	1276
56535	2026-09-09 11:08:48.173	2026-09-16 06:58:28.972	Tbilisi	833
56541	2026-09-09 13:59:30.881	2026-09-11 08:33:56.972	Tbilisi	500
56551	2026-09-09 12:05:36.448	2026-09-14 08:12:19.617	Other Cities	142302
56554	2026-09-12 07:06:58.386	2026-09-16 13:08:09.671	Without City	1566
56561	2026-09-09 13:02:25.931	2026-09-14 08:12:10.684	Tbilisi	39666
56580	2026-09-10 10:22:45.442	2026-09-14 08:12:01.602	Without City	530
56607	2026-09-14 07:34:07.647	NULL	Tbilisi	45907
56609	2026-09-10 12:04:47.285	2026-09-17 07:10:44.396	Tbilisi	72384
56625	2026-09-10 09:27:19.770	2026-09-14 08:09:56.703	Without City	20712
56630	2026-09-10 12:41:27.773	2026-09-11 15:20:44.751	Other Cities	1613
56638	2026-09-10 13:14:02.879	2026-09-11 08:33:46.730	Tbilisi	39658
56640	2026-09-10 10:32:34.546	2026-09-14 08:09:43.829	Tbilisi	649
56656	2026-09-10 11:49:37.919	2026-09-17 07:29:00.732	Tbilisi	68909
56675	2026-09-10 11:23:34.650	2026-09-14 08:05:32.258	Tbilisi	842
56676	2026-09-13 06:37:54.656	2026-09-16 13:07:58.283	Other Cities	3745
56689	2026-09-10 13:01:18.894	2026-09-15 07:13:22.240	Tbilisi	77739
56711	2026-09-10 12:49:12.270	2026-09-14 08:03:54.528	Tbilisi	1525
56714	2026-09-11 08:57:08.496	2026-09-15 07:15:18.134	Tbilisi	1193
56716	2026-09-10 10:51:17.881	2026-09-11 15:20:40.016	Other Cities	142297
56717	2026-09-10 12:41:50.813	2026-09-14 08:01:43.306	Without City	142296
56720	2026-09-10 10:38:52.143	2026-09-16 13:07:53.364	Other Cities	2183
56745	2026-09-10 13:08:08.963	2026-09-11 15:20:35.365	Other Cities	142297
56749	2026-09-11 06:48:45.346	2026-09-16 13:07:48.444	Other Cities	3745
56750	2026-09-10 11:39:29.836	2026-09-11 15:20:29.488	Tbilisi	142260
56753	2026-09-10 13:14:58.854	2026-09-11 15:20:00.459	Other Cities	1479
56764	2026-09-10 13:29:31.908	2026-09-11 15:19:56.638	Other Cities	39665
56769	2026-09-10 10:33:10.571	2026-09-11 15:19:52.431	Other Cities	142259
56778	2026-09-10 11:38:42.534	2026-09-14 08:01:35.027	Without City	814
56780	2026-09-10 12:18:14.285	2026-09-14 08:01:27.452	Tbilisi	1193
56790	2026-09-10 12:19:34.975	2026-09-15 07:14:37.904	Without City	249
56805	2026-09-11 10:35:22.429	2026-09-16 13:07:44.746	Without City	2537
56806	2026-09-10 13:45:34.275	2026-09-17 07:10:11.453	Without City	68903
56809	2026-09-10 12:47:48.671	2026-09-11 15:18:40.803	Without City	40247
56812	2026-09-11 08:25:07.231	2026-09-16 13:07:39.669	Without City	142296
56816	2026-09-11 07:43:43.038	2026-09-16 06:58:15.425	Tbilisi	1800
56819	2026-09-11 07:54:04.071	2026-09-16 13:07:34.900	Tbilisi	3745
56823	2026-09-11 06:28:00.981	2026-09-15 07:15:27.027	Tbilisi	1190
56824	2026-09-11 08:35:30.060	2026-09-16 13:07:17.565	Tbilisi	468
56853	2026-09-11 08:10:48.800	2026-09-16 13:07:12.068	Other Cities	2559
56860	2026-09-11 08:56:19.273	NULL	Tbilisi	71308
56862	2026-09-11 11:17:24.266	2026-09-16 06:58:37.918	Tbilisi	41544
56864	2026-09-11 12:38:21.739	2026-09-15 07:14:24.732	Tbilisi	249
56865	2026-09-11 13:42:31.687	2026-09-16 13:07:07.259	Tbilisi	1323
56868	2026-09-12 07:12:09.133	2026-09-16 13:07:02.104	Tbilisi	40246
56881	2026-09-11 08:38:43.957	2026-09-16 07:02:04.740	Tbilisi	89625
56883	2026-09-11 13:39:26.941	2026-09-15 07:14:56.483	Tbilisi	1994
56887	2026-09-14 09:26:58.079	2026-09-16 13:06:57.148	Tbilisi	339
56890	2026-09-12 06:49:25.013	2026-09-16 13:06:52.083	Other Cities	41591
56897	2026-09-11 13:37:51.207	2026-09-16 13:06:47.078	Other Cities	1027
56901	2026-09-11 09:30:08.413	2026-09-16 06:05:04.281	Other Cities	826
56903	2026-09-13 08:21:19.401	2026-09-15 07:16:13.444	Other Cities	39658
56917	2026-09-11 06:57:35.098	2026-09-15 07:15:57.713	Without City	800
56922	2026-09-11 09:44:53.301	2026-09-17 07:28:51.092	Tbilisi	3748
56951	2026-09-11 11:30:27.749	2026-09-16 13:06:40.773	Tbilisi	2556
56953	2026-09-12 06:51:54.380	2026-09-16 13:06:35.836	Without City	2559
56959	2026-09-11 10:14:57.434	2026-09-15 07:14:17.463	Tbilisi	893
56967	2026-09-11 11:51:20.458	2026-09-16 06:57:54.747	Without City	259
56972	2026-09-14 12:04:04.774	2026-09-16 07:01:57.624	Tbilisi	921
57002	2026-09-12 06:41:06.007	2026-09-16 13:06:31.069	Tbilisi	3745
57013	2026-09-13 10:29:38.363	2026-09-16 13:06:26.368	Tbilisi	3745
57014	2026-09-13 06:42:04.231	2026-09-16 13:06:21.896	Other Cities	142298
57020	2026-09-14 07:32:56.406	2026-09-16 13:06:17.140	Other Cities	242
57022	2026-09-14 06:55:53.586	2026-09-15 07:12:42.979	Without City	139377
57024	2026-09-12 08:50:52.463	2026-09-15 07:15:09.730	Tbilisi	943
57041	2026-09-13 11:09:46.719	2026-09-15 07:14:06.861	Tbilisi	2007
57043	2026-09-12 08:50:34.558	2026-09-15 07:13:51.787	Tbilisi	1086
57046	2026-09-13 09:24:32.617	2026-09-16 13:06:11.915	Other Cities	41588
57066	2026-09-13 07:50:09.819	2026-09-16 13:05:20.750	Tbilisi	1193
57068	2026-09-12 10:39:32.874	NULL	Tbilisi	67403
57069	2026-09-12 10:50:25.544	2026-09-16 13:05:17.531	Other Cities	1086
57072	2026-09-12 09:48:15.520	2026-09-15 07:12:06.970	Tbilisi	64034
57079	2026-09-13 11:15:51.270	2026-09-18 07:45:25.227	Tbilisi	68901
57083	2026-09-12 13:38:28.621	2026-09-16 13:05:13.880	Other Cities	39664
57084	2026-09-12 10:40:17.269	2026-09-16 13:05:10.603	Other Cities	249
57089	2026-09-12 11:23:08.562	2026-09-17 13:04:41.936	Other Cities	1734
57092	2026-09-12 13:34:06.770	2026-09-16 13:05:03.242	Other Cities	792
57093	2026-09-12 13:35:58.717	2026-09-17 13:04:36.508	Other Cities	2510
57094	2026-09-12 09:54:49.619	2026-09-16 13:04:54.546	Tbilisi	800
57121	2026-09-12 12:09:52.465	2026-09-15 07:13:40.868	Without City	888
57131	2026-09-12 12:09:34.336	2026-09-16 13:04:49.394	Tbilisi	800
57132	2026-09-12 12:41:56.607	2026-09-16 08:29:17.685	Tbilisi	1407
57140	2026-09-12 13:59:13.258	2026-09-16 13:04:43.379	Other Cities	1511
57158	2026-09-12 12:23:03.731	2026-09-16 13:04:34.937	Tbilisi	142263
57162	2026-09-13 10:54:30.496	NULL	Tbilisi	3748
57164	2026-09-12 12:24:31.524	2026-09-15 07:15:38.701	Tbilisi	39775
57168	2026-09-12 13:29:19.964	2026-09-16 13:04:30.622	Without City	229
57169	2026-09-12 13:29:15.887	2026-09-16 13:04:25.843	Without City	40601
57170	2026-09-12 13:41:10.549	2026-09-16 13:04:19.771	Without City	2584
57174	2026-09-13 12:04:13.137	2026-09-16 13:04:14.638	Other Cities	142298
57176	2026-09-12 13:43:54.234	2026-09-16 13:04:09.114	Without City	142297
57178	2026-09-13 07:09:23.977	2026-09-16 13:04:04.846	Other Cities	41552
57179	2026-09-14 09:56:50.416	2026-09-16 07:01:19.106	Tbilisi	19573
57180	2026-09-15 06:28:19.154	2026-09-17 13:04:31.347	Other Cities	826
57182	2026-09-13 11:22:17.497	2026-09-15 07:14:45.756	Tbilisi	1185
57183	2026-09-13 08:24:23.500	2026-09-16 13:03:59.899	Other Cities	842
57187	2026-09-14 11:28:25.926	2026-09-17 07:10:57.880	Tbilisi	42090
57192	2026-09-14 11:09:35.845	2026-09-16 13:03:55.231	Other Cities	1597
57196	2026-09-18 09:01:54.710	NULL	Other Cities	2272
57201	2026-09-13 10:42:15.664	2026-09-16 07:02:11.886	Tbilisi	20597
57206	2026-09-13 08:19:59.625	2026-09-16 13:03:50.847	Other Cities	39776
57216	2026-09-13 12:16:14.633	2026-09-16 13:03:46.384	Other Cities	142297
57220	2026-09-13 07:50:28.522	2026-09-16 06:59:52.173	Tbilisi	62554
57231	2026-09-14 07:22:31.132	2026-09-14 14:59:50.298	Tbilisi	3748
57232	2026-09-13 12:09:29.433	2026-09-16 07:01:49.677	Tbilisi	434
57245	2026-09-13 12:15:34.934	2026-09-16 06:58:03.858	Tbilisi	381
57259	2026-09-13 12:58:22.080	2026-09-16 13:03:42.138	Tbilisi	142300
57260	2026-09-13 11:02:57.975	2026-09-16 06:57:46.087	Tbilisi	1086
57264	2026-09-13 12:13:33.914	2026-09-15 07:16:04.570	Tbilisi	39665
57272	2026-09-14 08:29:00.280	2026-09-17 07:28:35.960	Tbilisi	1086
57278	2026-09-13 12:49:05.928	2026-09-16 13:03:37.429	Tbilisi	2246
57286	2026-09-13 09:56:53.506	2026-09-16 13:03:32.004	Without City	1817
57299	2026-09-13 13:41:53.915	2026-09-17 13:04:26.305	Other Cities	2510
57300	2026-09-13 13:03:35.706	2026-09-16 13:00:32.374	Other Cities	356
57314	2026-09-13 13:44:04.282	2026-09-16 13:00:27.779	Without City	142298
57328	2026-09-14 09:15:13.486	2026-09-17 13:04:18.355	Other Cities	2271
57329	2026-09-13 11:56:33.075	2026-09-16 13:00:22.745	Tbilisi	2007
57339	2026-09-13 13:25:13.017	2026-09-15 07:15:49.299	Tbilisi	1473
57382	2026-09-13 14:13:15.176	2026-09-16 13:00:17.600	Without City	1970
57387	2026-09-14 07:58:18.596	2026-09-16 06:59:11.992	Tbilisi	60114
57395	2026-09-14 11:50:31.778	2026-09-17 07:28:28.149	Tbilisi	2554
57405	2026-09-15 12:27:12.361	2026-09-17 12:00:03.706	Tbilisi	142259
57406	2026-09-15 09:26:18.948	2026-09-17 13:04:11.777	Other Cities	1086
57422	2026-09-16 11:19:10.109	NULL	Tbilisi	19082
57440	2026-09-18 09:01:27.422	NULL	Other Cities	142258
57456	2026-09-14 10:19:04.343	2026-09-17 07:11:20.602	Tbilisi	39665
57472	2026-09-14 09:10:17.244	2026-09-17 13:04:05.403	Without City	163554
57489	2026-09-14 08:55:37.267	2026-09-17 07:28:19.087	Tbilisi	142258
57494	2026-09-15 14:36:47.501	2026-09-17 07:11:32.332	Tbilisi	88769
57495	2026-09-14 11:29:54.209	2026-09-16 07:01:41.083	Without City	1473
57500	2026-09-14 12:42:29.279	2026-09-16 07:01:26.715	Tbilisi	243
57503	2026-09-17 09:22:42.707	2026-09-21 07:20:26.517	Tbilisi	38531
57507	2026-09-14 09:12:43.029	2026-09-17 07:27:03.105	Without City	1059
57508	2026-09-14 12:50:16.893	2026-09-17 12:18:36.628	Without City	164397
57509	2026-09-14 09:56:52.476	2026-09-17 07:26:53.033	Tbilisi	142260
57516	2026-09-14 13:37:03.717	2026-09-16 07:01:33.702	Tbilisi	1108
57517	2026-09-14 13:54:53.144	NULL	Tbilisi	19088
57525	2026-09-14 11:51:21.357	2026-09-17 13:04:00.181	Other Cities	3745
57537	2026-09-14 11:56:21.478	2026-09-16 13:00:11.344	Without City	1974
57540	2026-09-18 06:36:09.425	NULL	Other Cities	991
57547	2026-09-17 07:53:03.458	2026-09-21 07:08:25.880	Without City	249
57558	2026-09-18 12:55:48.099	NULL	Without City	173997
57567	2026-09-14 13:51:24.941	2026-09-17 07:26:41.517	Tbilisi	39665
57568	2026-09-14 13:53:23.287	2026-09-16 12:59:50.026	Tbilisi	1151
57572	2026-09-14 13:41:41.080	2026-09-16 12:59:35.719	Without City	1063
57574	2026-09-14 13:56:11.765	2026-09-18 10:03:08.290	Without City	70302
57579	2026-09-14 13:54:16.267	2026-09-15 13:57:50.872	Without City	1514
57581	2026-09-14 13:58:26.192	2026-09-17 08:26:08.143	Without City	39935
57588	2026-09-15 14:56:20.591	2026-09-17 07:26:33.893	Tbilisi	142297
57596	2026-09-15 12:27:57.556	NULL	Other Cities	515
57603	2026-09-16 06:34:42.822	2026-09-18 07:31:53.985	Tbilisi	142266
57614	2026-09-16 12:43:16.939	2026-09-17 13:40:02.168	Tbilisi	163591
57626	2026-09-17 07:44:38.528	NULL	Tbilisi	1063
57634	2026-09-15 07:37:08.196	2026-09-17 13:03:55.068	Other Cities	10729
57635	2026-09-15 12:37:00.547	2026-09-17 07:26:26.896	Tbilisi	142266
57639	2026-09-18 06:29:50.667	2026-09-21 07:20:49.785	Tbilisi	2344
57641	2026-09-17 08:43:32.439	2026-09-21 07:08:08.635	Tbilisi	242
57667	2026-09-15 13:53:35.671	2026-09-17 10:47:01.933	Tbilisi	346
57669	2026-09-16 13:28:09.468	2026-09-17 13:03:51.078	Without City	142259
57682	2026-09-16 08:27:32.509	2026-09-21 07:10:36.447	Tbilisi	1702
57686	2026-09-18 13:04:36.975	NULL	Other Cities	28191
57687	2026-09-16 06:26:50.884	2026-09-21 07:10:46.286	Tbilisi	38821
57692	2026-09-17 07:21:33.002	NULL	Tbilisi	142297
57696	2026-09-16 12:29:13.274	2026-09-18 07:44:42.709	Without City	298
57697	2026-09-15 12:27:11.293	2026-09-17 13:15:23.259	Tbilisi	427
57698	2026-09-18 07:46:00.319	NULL	Tbilisi	1668
57701	2026-09-16 11:43:45.694	2026-09-18 11:50:30.152	Tbilisi	1295
57703	2026-09-15 11:05:31.000	2026-09-16 04:46:27.580	Without City	598
57704	2026-09-15 11:05:37.046	2026-09-15 15:25:13.471	Without City	598
57708	2026-09-15 11:35:46.113	2026-09-17 10:46:44.696	Without City	72387
57713	2026-09-16 09:15:22.609	2026-09-18 07:31:47.966	Tbilisi	163554
57715	2026-09-15 12:07:03.159	2026-09-18 07:31:41.599	Without City	1545
57717	2026-09-15 12:06:42.404	2026-09-17 07:26:19.225	Without City	800
57720	2026-09-17 07:26:52.550	NULL	Tbilisi	39664
57723	2026-09-18 12:55:40.525	NULL	Tbilisi	1290
57726	2026-09-15 13:24:27.556	2026-09-17 07:11:42.216	Tbilisi	39797
57739	2026-09-16 11:26:59.378	2026-09-17 13:03:46.081	Without City	2141
57746	2026-09-16 11:42:10.349	2026-09-17 13:03:41.989	Other Cities	841
57749	2026-09-16 13:51:21.629	2026-09-18 07:44:50.677	Tbilisi	34206
57752	2026-09-16 07:42:26.172	2026-09-18 07:44:34.658	Tbilisi	40375
57757	2026-09-17 08:26:26.296	2026-09-18 07:31:35.263	Tbilisi	269
57760	2026-09-16 11:34:32.549	2026-09-18 06:58:07.732	Tbilisi	2007
57761	2026-09-17 14:00:25.616	2026-09-18 11:50:25.654	Tbilisi	1663
57762	2026-09-16 12:10:17.228	2026-09-18 06:57:55.175	Tbilisi	39664
57768	2026-09-16 07:58:30.879	2026-09-18 11:50:21.228	Tbilisi	1742
57773	2026-09-16 13:45:29.944	2026-09-18 07:44:57.527	Tbilisi	747
57777	2026-09-16 12:45:55.790	2026-09-18 06:57:47.796	Tbilisi	249
57780	2026-09-17 13:09:03.560	NULL	Tbilisi	68727
57786	2026-09-16 10:04:47.658	2026-09-17 13:03:37.283	Other Cities	142301
57789	2026-09-16 12:39:04.272	NULL	Tbilisi	42557
57799	2026-09-16 14:04:21.590	2026-09-17 13:03:32.240	Other Cities	891
57804	2026-09-16 12:55:05.182	2026-09-18 07:31:29.542	Tbilisi	2246
57810	2026-09-16 12:11:00.782	2026-09-17 13:03:27.490	Other Cities	142265
57811	2026-09-16 07:36:04.797	2026-09-21 07:06:31.041	Without City	3745
57817	2026-09-16 08:25:43.810	2026-09-18 07:31:22.930	Without City	249
57821	2026-09-16 14:24:09.999	2026-09-18 07:31:17.688	Without City	2138
57830	2026-09-17 07:35:02.724	NULL	Tbilisi	40879
57831	2026-09-17 06:21:52.905	2026-09-21 07:08:36.835	Tbilisi	13218
57836	2026-09-17 09:01:05.183	2026-09-21 07:07:36.196	Without City	41588
57837	2026-09-17 06:21:44.175	2026-09-18 11:50:16.642	Tbilisi	2007
57840	2026-09-16 09:00:03.047	2026-09-17 07:40:39.801	Without City	39666
57860	2026-09-16 14:03:05.180	2026-09-21 07:10:25.570	Tbilisi	507
57866	2026-09-16 10:54:57.795	2026-09-17 12:36:30.993	Without City	891
57867	2026-09-17 09:04:18.950	NULL	Tbilisi	1990
57870	2026-09-16 12:02:49.876	2026-09-18 06:57:41.344	Without City	1086
57872	2026-09-16 12:45:54.191	2026-09-18 07:45:04.508	Tbilisi	1646
57892	2026-09-16 12:07:53.901	2026-09-21 07:11:04.949	Without City	747
57895	2026-09-16 13:02:00.493	NULL	Other Cities	686
57897	2026-09-17 07:27:59.824	2026-09-21 07:07:15.425	Without City	1186
57899	2026-09-16 13:21:26.985	2026-09-18 10:26:28.433	Without City	1192
57900	2026-09-17 08:57:32.228	2026-09-21 07:07:06.857	Tbilisi	1454
57902	2026-09-17 07:42:31.222	2026-09-18 14:06:11.595	Tbilisi	1316
57905	2026-09-16 12:53:27.175	2026-09-17 13:03:21.744	Without City	862
57912	2026-09-17 07:27:45.537	2026-09-18 07:45:11.620	Tbilisi	138
57914	2026-09-17 10:55:40.241	2026-09-18 11:50:11.529	Other Cities	1602
57922	2026-09-18 12:47:42.783	NULL	Without City	537
57951	2026-09-17 12:14:47.498	2026-09-18 11:50:05.959	Other Cities	1545
57952	2026-09-17 11:20:32.259	NULL	Tbilisi	2246
57969	2026-09-17 09:07:43.144	2026-09-21 07:10:55.248	Tbilisi	1381
57986	2026-09-17 12:24:07.103	2026-09-21 07:08:46.613	Tbilisi	1086
57990	2026-09-17 11:25:56.971	2026-09-21 07:07:29.482	Without City	2345
57995	2026-09-17 13:23:40.894	2026-09-21 07:08:55.637	Tbilisi	13218
57998	2026-09-17 13:58:10.590	NULL	Tbilisi	2540
58001	2026-09-17 08:10:55.374	2026-09-18 07:45:18.277	Tbilisi	1066
58003	2026-09-17 12:40:44.132	2026-09-17 13:40:23.368	Without City	1994
58006	2026-09-17 09:24:56.255	2026-09-18 14:48:13.400	Without City	68913
58009	2026-09-18 11:03:59.910	NULL	Other Cities	537
58012	2026-09-17 13:42:13.195	NULL	Without City	229
58019	2026-09-21 09:14:51.211	NULL	Without City	142266
58021	2026-09-17 09:53:47.841	2026-09-18 11:49:59.700	Other Cities	2007
58022	2026-09-18 10:16:17.429	NULL	Tbilisi	1545
58030	2026-09-18 08:24:23.582	2026-09-18 13:30:13.236	Tbilisi	142306
58039	2026-09-21 06:38:15.320	NULL	Tbilisi	35542
58043	2026-09-17 11:53:53.353	2026-09-18 11:49:55.327	Without City	2163
58045	2026-09-17 12:18:54.010	NULL	Other Cities	28169
58047	2026-09-17 13:58:54.174	2026-09-18 11:49:49.807	Other Cities	1454
58048	2026-09-17 14:13:27.159	NULL	Tbilisi	142301
58055	2026-09-17 11:25:47.956	2026-09-18 06:38:21.346	Without City	39727
58058	2026-09-17 12:39:35.158	2026-09-21 08:39:26.902	Tbilisi	142263
58064	2026-09-17 13:59:47.327	2026-09-18 11:49:41.684	Tbilisi	1545
58073	2026-09-17 13:18:22.997	NULL	Other Cities	142301
58081	2026-09-18 09:16:35.773	NULL	Tbilisi	2481
58091	2026-09-18 07:15:25.166	NULL	Without City	142262
58092	2026-09-17 12:20:31.005	2026-09-17 12:35:18.596	Without City	2486
58097	2026-09-18 08:59:04.737	2026-09-21 07:07:23.792	Tbilisi	39664
58118	2026-09-18 08:34:01.369	NULL	Tbilisi	13414
58120	2026-09-18 13:47:07.069	NULL	Tbilisi	3745
58130	2026-09-18 08:34:37.136	NULL	Other Cities	22585
58146	2026-09-21 10:19:16.927	NULL	Tbilisi	1477
58149	2026-09-21 09:55:10.523	NULL	Tbilisi	17975
58155	2026-09-18 11:09:48.239	NULL	Other Cities	1193
58158	2026-09-18 09:39:08.635	NULL	Other Cities	39666
58161	2026-09-18 10:41:32.274	NULL	Other Cities	142258
58165	2026-09-19 12:30:10.153	NULL	Other Cities	137
58174	2026-09-18 13:38:00.813	NULL	Tbilisi	71688
58176	2026-09-18 10:30:27.302	NULL	Tbilisi	1006
58180	2026-09-18 11:40:35.609	NULL	Tbilisi	915
58188	2026-09-18 11:49:11.307	NULL	Tbilisi	3748
58206	2026-09-18 11:36:20.613	NULL	Tbilisi	1527
58209	2026-09-18 10:20:23.762	NULL	Without City	3745
58212	2026-09-19 10:47:54.232	NULL	Tbilisi	45905
58221	2026-09-21 06:24:44.254	NULL	Tbilisi	142301
58223	2026-09-21 10:55:32.456	NULL	Other Cities	60108
58234	2026-09-21 10:02:29.556	NULL	Tbilisi	883
58235	2026-09-21 08:08:38.635	NULL	Without City	1663
58250	2026-09-18 11:03:14.830	NULL	Tbilisi	138
58257	2026-09-19 12:13:57.319	NULL	Other Cities	660
58259	2026-09-19 06:28:43.154	NULL	Tbilisi	58073
58266	2026-09-18 13:18:10.423	NULL	Without City	1479
58268	2026-09-18 12:49:10.906	NULL	Other Cities	2272
58281	2026-09-19 13:37:32.596	NULL	Tbilisi	142258
58299	2026-09-19 13:28:53.907	NULL	Tbilisi	39973
58307	2026-09-19 11:40:41.643	NULL	Tbilisi	2246
58320	2026-09-21 10:08:32.060	NULL	Other Cities	142259
58323	2026-09-19 13:15:42.127	NULL	Tbilisi	41551
58335	2026-09-19 11:24:53.657	NULL	Other Cities	1995
58340	2026-09-19 11:55:55.017	NULL	Other Cities	49959
58351	2026-09-19 10:44:46.646	NULL	Tbilisi	58371
58363	2026-09-19 09:11:19.741	NULL	Tbilisi	921
58368	2026-09-19 08:39:06.116	NULL	Tbilisi	1994
58369	2026-09-19 09:55:30.602	NULL	Without City	45905
58371	2026-09-19 14:09:36.723	NULL	Without City	857
58373	2026-09-19 13:15:28.346	NULL	Other Cities	2246
58375	2026-09-19 12:11:41.477	NULL	Tbilisi	800
58383	2026-09-19 13:30:32.108	NULL	Tbilisi	40011
58385	2026-09-19 12:16:19.886	NULL	Tbilisi	142263
58388	2026-09-19 08:38:20.209	NULL	Tbilisi	1893
58397	2026-09-21 10:14:42.688	NULL	Without City	70313
58399	2026-09-19 13:14:26.913	NULL	Tbilisi	249
58409	2026-09-19 12:13:21.246	NULL	Without City	142265
58413	2026-09-19 13:03:03.699	NULL	Other Cities	142262
58453	2026-09-19 12:42:25.530	NULL	Without City	690
58472	2026-09-21 08:21:01.218	NULL	Tbilisi	654
58521	2026-09-21 10:10:33.173	NULL	Other Cities	883
58555	2026-09-21 10:56:24.582	NULL	Other Cities	166428
58622	2026-09-21 09:55:56.477	NULL	Tbilisi	1352
58687	2026-09-21 08:28:39.999	NULL	Without City	12406
58689	2026-09-21 09:55:11.563	NULL	Without City	1054
58696	2026-09-21 11:09:14.342	NULL	Without City	40241
58740	2026-09-21 10:46:17.283	NULL	Without City	970
