period	d	order_id	product_id	qty	sales	deal_type	brand	sku	product_name	creator_date	is_karcher
2026-08	2026-08-31	15327	2275	1	3030.0000	installment	DREAME	Dream-005	რობოტი მტვერსასრუტი Dreame Robot Vacuum L40 Ultra CE Black (RLD52SE)	2026-08-31 15:28:05	0
2026-08	2026-08-31	15446	142259	1	1600.0000	installment	HONOR	174307	Mobile and Smartphones/ Honor/ Honor 600 Lite 8GB/256GB Dual Sim Velvet Black	2026-08-31 18:19:05	0
2026-08	2026-08-31	15452	142266	1	900.0000	installment	HONOR	177279	Mobile and Smartphones/ Honor/ Honor X7e 6GB/256GB Midnight Black	2026-08-31 17:38:36	0
2026-08	2026-08-31	15478	42557	1	510.0000	installment	ARSHIA	SM118-3603	მიქსერი ჯამიანი ARSHIA SM118-3603 27235	2026-08-31 12:44:19	0
2026-08	2026-08-31	15478	507	1	650.0000	installment	FRANKO	FRANKO-FMG-1211	ხორცსაკეპი მანქანა FRANKO FMG-1211	2026-08-31 12:44:19	0
2026-08	2026-08-31	15489	2127	1	670.0000	installment	HONOR	167871	ტელეფონი HONOR X6c 6GB/128GB Ocean Cyan	2026-08-31 12:34:38	0
2026-08	2026-08-31	15501	1063	1	1240.0000	installment	SHARK	SHARK-HD446E-U	თმის სტაილერი SHARK HD446EU	2026-08-31 12:48:04	0
2026-08	2026-08-31	15545	39776	1	950.0000	installment	TCL	165469	TV/ QLED/ TCL/ QLED TV  43"(109cm)/ 43S5K  Google TV FHD 1920x1080 HDR10 6.5ms 178* 220cd/m2 4000:1 DVB-T2/S/S2/C BT5.0 WiFi LAN HDMI USB 2x5W VESA100	2026-08-31 13:24:05	0
2026-08	2026-08-31	15557	416	1	1490.0000	installment	MIDEA	MIDEA-MF200W90WB-W	სარეცხი მანქანა MIDEA MF200W90WB/W	2026-08-31 14:24:17	0
2026-08	2026-08-31	15593	2511	1	940.0000	installment	DIXI	DIXI-FF6400GFZj	გაზქურა DIXI FF6400GFZj (mixed inox)	2026-08-31 12:44:20	0
2026-08	2026-08-31	15596	70313	1	950.0000	installment		BJLB-2028-R	საბავშვო ელექტრო BJLB-2028-R	2026-08-31 11:38:27	0
2026-08	2026-08-31	15600	288	1	2560.0000	installment	MIDEA	MIDEA-AG-18N8DO-Ioniser	კონდიციონერი MIDEA AG-18N8DO Ioniser	2026-08-31 15:27:36	0
2026-08	2026-08-31	15631	381	1	130.0000	installment	BRAUN	BRAUN-WK1100BK	ჩაიდანი BRAUN WK1100BK	2026-08-31 11:36:16	0
2026-08	2026-08-31	15631	1331	1	360.0000	installment	MIDEA	MIDEA-AM8P022ET-B	მიკროტალღური ღუმელი MIDEA AM8P022ET-B	2026-08-31 11:36:16	0
2026-08	2026-08-31	15647	1471	1	1160.0000	installment	HISENSE	HISENSE-WF3S8043BB3	სარეცხი მანქანა HISENSE WF3S8043BB3	2026-08-31 12:46:19	0
2026-08	2026-08-31	15649	142264	1	860.0000	installment	HONOR	177278	Mobile and Smartphones/ Honor/ Honor X7e 6GB/128GB Sunrise Orange	2026-08-31 13:47:54	0
2026-08	2026-08-31	15660	41202	1	420.0000	installment	CASIO	AQ-230GA-9DHDF	Casio General Quartz Wristwatch Unisex/AQ-230GA-9DHDF	2026-08-31 12:39:32	0
2026-08	2026-08-31	15661	2433	1	2140.0000	installment	DREAME	Dream-012	რობოტი მტვერსასრუტი Dreame Robot Vacuum D20 Pro Plus Black (RLD43SD)	2026-08-31 13:53:34	0
2026-08	2026-08-31	15664	897	1	1540.0000	installment	MARAZZI	MARAZZI-WM1002FL36-S-DG	სარეცხი მანქანა MARAZZI WM1002FL36(S/DG)	2026-08-31 13:57:23	0
2026-08	2026-08-31	15670	991	1	510.0000	installment	FRANKO	FRANKO-FTV-32SH1400	ტელევიზორი FRANKO FTV-32SH1400	2026-08-31 16:50:07	0
2026-08	2026-08-31	15684	2481	1	1070.0000	installment	DREAME	Dreame-R10sPro	მტვერსასრუტი Dreame Cordless Vacuum Cleaner R10s Pro	2026-08-31 17:11:05	0
2026-08	2026-08-31	15687	774	1	1580.0000	installment	SUNNY	SUNNY-55-SN55FIL252-0276-WebOS	ტელევიზორი SUNNY 55'' (SN55FIL252/0276) WebOS	2026-08-31 17:08:39	0
2026-08	2026-08-31	15688	1566	1	480.0000	installment	MIDEA	MIDEA-M-F-C-Y-85-W-K-2	აეროგრილი MIDEA MF-CY85WK2	2026-08-31 13:31:54	0
2026-08	2026-08-31	15699	142308	1	610.0000	installment	Xiaomi	175816	Mobile and Smartphones/ Xiaomi/ Xiaomi Redmi 15C 4GB/128GB Without Charger Moonlight Blue	2026-08-31 17:53:43	0
2026-08	2026-08-31	15702	1028	1	760.0000	installment	SHARP	SHARP-SCF-K140H-WH-2	საყინულე SHARP SCF-K140H-WH2	2026-08-31 18:15:01	0
2026-08	2026-08-31	15709	536	1	80.0000	installment	CAMRY	CAMRY-CR2255	ფენი CAMRY CR2255	2026-08-31 17:59:17	0
2026-08	2026-08-31	15709	2583	1	230.0000	installment	CASIO	1094Q-7B4RDF	საათი Casio Quartz Wristwatch / LTP-1094Q-7B4RDF	2026-08-31 17:59:17	0
2026-08	2026-08-31	55264	21335	1	270.0000	installment		206821	საშრობი პირსახოცის Florad TEXTURE 500X1200 მმ	2026-08-31 18:19:46	0
2026-08	2026-08-31	55264	21426	1	280.0000	installment		165263	რადიატორი პანელური Belorad 600x1000 მმ	2026-08-31 18:19:46	0
2026-08	2026-08-31	55264	21433	1	500.0000	installment		165275	რადიატორი პანელური Belorad 600x1500 მმ	2026-08-31 18:19:46	0
2026-08	2026-08-31	55269	1600	1	1500.0000	installment	MIDEA	MIDEA-MO715105GB	ჩასაშენებელი ღუმელი MIDEA MO715105GB	2026-08-31 17:22:05	0
2026-08	2026-08-31	55269	1598	1	1040.0000	installment	MIDEA	MIDEA-MI10250GB	ჩასაშენებელი მიკროტალღური ღუმელი MIDEA MI10250GB	2026-08-31 17:22:05	0
2026-08	2026-08-31	55275	747	1	920.0000	installment	HISENSE	HISENSE-RD-23DC-SILVER	მაცივარი HISENSE RD-23DC SILVER	2026-08-31 12:32:20	0
2026-08	2026-08-31	55318	2489	1	1980.0000	installment		NULL	NULL	2026-08-31 16:36:34	0
2026-08	2026-08-31	55321	893	1	1390.0000	installment	MARAZZI	MARAZZI-WM904FL66-S-DG	სარეცხი მანქანა MARAZZI WM904FL66(S/DG)	2026-08-31 11:38:36	0
2026-08	2026-08-31	55331	40612	1	170.0000	installment		232293	ქვაბი კერამიკის BERLLONG BCP-2573	2026-08-31 16:47:45	0
2026-08	2026-08-31	55331	40613	1	200.0000	installment		232317	ქვაბი კერამიკის BERLLONG BCP-4875	2026-08-31 16:47:45	0
2026-08	2026-08-31	55333	142298	1	990.0000	installment	SAMSUNG	169673	Mobile and Smartphones/ Samsung/ Samsung A175F Galaxy A17 8GB/256GB LTE Duos Black	2026-08-31 11:54:17	0
2026-08	2026-08-31	55337	38485	1	240.0000	installment	BOSCH	I72885	ხელის ბლენდერი BOSCH MSM64110	2026-08-31 17:26:15	0
2026-08	2026-08-31	55346	142267	1	900.0000	installment	HONOR	177281	Mobile and Smartphones/ Honor/ Honor X7e 6GB/256GB Sunrise Orange	2026-08-31 17:00:15	0
2026-08	2026-08-31	55347	2489	1	239.0000	single		NULL	NULL	NULL	0
2026-08	2026-08-31	55349	2489	1	950.0000	installment		NULL	NULL	2026-08-31 18:18:41	0
2026-08	2026-08-31	55349	1566	1	380.0000	installment	MIDEA	MIDEA-M-F-C-Y-85-W-K-2	აეროგრილი MIDEA MF-CY85WK2	2026-08-31 18:18:41	0
2026-09	2026-09-02	15722	3748	1	999.0000	installment	DREAME	PurpleAMF18A	თმის სტაილერი Styler Dreame AirStyle Pro Purple (AMF18A)	2026-09-02 13:05:32	0
2026-09	2026-09-02	15723	2163	1	229.0000	installment	MIDEA	MIDEA-MF-CY55WK2	აეროგრილი MIDEA MF-CY55WK2	2026-09-02 12:52:33	0
2026-09	2026-09-02	15723	1324	1	49.0000	installment	MIDEA	MIDEA-MK-17S32B2	ჩაიდანი MIDEA MK-17S32B2	2026-09-02 12:52:33	0
2026-09	2026-09-02	15723	40502	1	69.0000	installment		232677	დანა-ჩანგლის ნაკრები SL-01 24 ც	2026-09-02 12:52:33	0
2026-09	2026-09-02	15725	50218	1	959.0000	installment	TRINX	M136ELITE	ველოსიპედი TRINX M136ELITE	2026-09-02 13:02:54	0
2026-09	2026-09-02	15726	342	1	1149.0000	installment	MIDEA	MDRB424FGF01O	მაცივარი MIDEA MDRB424FGF01O	2026-09-02 13:26:10	0
2026-09	2026-09-02	55433	38557	1	1899.0000	installment	SAMSUNG	120227	Tablets/ Samsung/ Samsung Galaxy Tab S7 FE LTE 12.4'' 4GB 64 GB Black	2026-09-02 13:35:27	0
2026-09	2026-09-02	55448	2127	1	529.0000	installment	HONOR	167871	ტელეფონი HONOR X6c 6GB/128GB Ocean Cyan	2026-09-02 11:43:31	0
2026-09	2026-09-02	55532	142265	1	709.0000	installment	HONOR	177280	Mobile and Smartphones/ Honor/ Honor X7e 6GB/256GB Light Blue	2026-09-02 11:52:18	0
2026-09	2026-09-02	55557	41546	1	595.0000	installment	KARCHER GEORGIA	KVA-2	უსადენო მტვერსასრუტი Karcher KVA 2	2026-09-02 10:22:53	1
2026-09	2026-09-02	55557	1776	1	149.0000	installment	PANASONIC	PANASONIC-MX-SS1BTQ	ხელის ბლენდერი PANASONIC MX-SS1BTQ	2026-09-02 10:22:53	1
2026-09	2026-09-03	15716	21870	1	169.0000	installment		147696	კუთხსახეხი მანქანა Ingco AG900285 900W	2026-09-03 11:30:03	0
2026-09	2026-09-03	15716	28155	1	189.0000	installment		47682	სჭვალსახრახნი შურუპავიორტი აკუმულატორის Raider RD-CDL26 12V	2026-09-03 11:30:03	0
2026-09	2026-09-03	55359	1646	1	819.0000	installment	MARAZZI	MARAZZI-BMF358FSI-SW	მაცივარი MARAZZI BMF-358FSI(SW)	2026-09-03 13:52:09	0
2026-09	2026-09-03	55370	814	1	729.0000	installment	MIDEA	MIDEA-MDDP-50DEN7	ტენის ამომშრობი MIDEA MDDP-50DEN7	2026-09-03 10:07:38	0
2026-09	2026-09-03	55375	142265	1	709.0000	installment	HONOR	177280	Mobile and Smartphones/ Honor/ Honor X7e 6GB/256GB Light Blue	2026-09-03 08:13:44	0
2026-09	2026-09-03	55379	1731	1	249.0000	installment	ARZUM	ARZUM-OK0010-K	ყავის აპარატი ARZUM OK0010-K	2026-09-03 10:48:25	0
2026-09	2026-09-03	55391	39054	1	299.0000	installment	SAMSUNG	121799	Vacuum Cleaner/ (Promo) Samsung VC20M255AWB/EV	2026-09-03 08:54:45	0
2026-09	2026-09-03	55391	39324	1	749.0000	installment		A-12	მაგიდა წიწვოვანი მასალის ზედაპირით A-12	2026-09-03 08:54:45	0
2026-09	2026-09-03	55445	34359	1	379.0000	installment		240152	კარის კომპლექტი Omis Comfort 34x700x2150 მმ	2026-09-03 09:29:35	0
2026-09	2026-09-03	55449	3488	1	349.0000	installment	ANIA HAIE	EAR003	Ania Haie E050-03H Silver Twisted Wave Hoop საყურე	2026-09-03 11:02:25	0
2026-09	2026-09-03	55497	58088	1	299.0000	installment		SIRIUS-7	SIRIUS თეთრი ტუმბო ორი კარით 94	2026-09-03 13:43:29	0
2026-09	2026-09-03	55541	40659	1	179.0000	installment		250019	უჟანგავი ფოლადის ქვაბი თავსახურით Arshia 26586 18 სმ	2026-09-03 12:40:52	0
2026-09	2026-09-03	55541	210	1	149.0000	installment	BRAUN	BRAUN-HT3010WH	ტოსტერი BRAUN HT3010WH	2026-09-03 12:40:52	0
2026-09	2026-09-03	55573	800	1	369.0000	installment	PHILIPS	PHILIPS-BHS752-00	თმის უთო PHILIPS BHS752/00	2026-09-03 13:42:14	0
2026-09	2026-09-03	55573	913	1	489.0000	installment	NINJA	NINJA-TB201EU	ბლენდერი NINJA TB201EU	2026-09-03 13:42:14	0
2026-09	2026-09-03	55598	1994	1	1339.0000	installment	HISENSE	HISENSE-RD39WCWD-BI	მაცივარი HISENSE RD39WCWD-BI	2026-09-03 13:52:27	0
2026-09	2026-09-03	55598	32497	1	319.0000	installment		238558	ფრეზერი ელექტრო Ronix 7106	2026-09-03 13:52:27	0
2026-09	2026-09-03	55598	36614	1	139.0000	installment		215957	ტექნიკური ფენი Ingco HG200058 2000W	2026-09-03 13:52:27	0
2026-09	2026-09-03	55599	39707	1	679.0000	installment	SAMSUNG	169672	Mobile and Smartphones/ Samsung/ Samsung A175F Galaxy A17 6GB/128GB LTE Duos Light Blue	2026-09-03 15:06:01	0
2026-09	2026-09-03	55712	799	1	179.0000	installment	FRANKO	FRANKO-FHB-90-20	ბლენდერი FRANKO FHB-9020	2026-09-03 13:40:45	0
2026-09	2026-09-04	55386	847	1	869.0000	installment	CHIGO	CHIGO-CWF804	სარეცხი მანქანა CHIGO CWF804	2026-09-04 11:44:17	0
2026-09	2026-09-04	55415	242	1	859.0000	installment	HISENSE	HISENSE-DB35DCUR-INOX	მაცივარი HISENSE DB35DCUR-INOX	2026-09-04 12:09:53	0
2026-09	2026-09-04	55434	242	1	859.0000	installment	HISENSE	HISENSE-DB35DCUR-INOX	მაცივარი HISENSE DB35DCUR-INOX	2026-09-04 12:22:22	0
2026-09	2026-09-04	55450	356	1	419.0000	installment	SAMSUNG	SAMSUNG-VCC885HH3P-XEV	მტვერსასრუტი SAMSUNG VCC885HH3P/XEV	2026-09-04 12:36:00	0
2026-09	2026-09-04	55468	2141	1	389.0000	installment	MIDEA	MIDEA-MWH100-20MFG-CIS-W	დენის წყლის გამაცხელებელი MIDEA MWH100-20MFG(CIS)W	2026-09-04 09:55:33	0
2026-09	2026-09-04	55504	58369	1	569.0000	installment		NAVI-4	კარადა ორი კარით NAVI, თეთრი	2026-09-04 06:41:45	0
2026-09	2026-09-04	55604	1975	1	629.0000	installment	HISENSE	HISENSE-DT27DR4-SILVER	მაცივარი HISENSE DT27DR4-SILVER	2026-09-04 08:08:29	0
2026-09	2026-09-04	55614	1682	1	729.0000	installment	BEKO	BEKO-BHCB66641BBHS	გამწოვი BEKO BHCB66641BBHS	2026-09-04 08:18:46	0
2026-09	2026-09-04	55617	500	1	569.0000	installment	HISENSE	HISENSE-DT27DR4-White	მაცივარი HISENSE DT27DR4-White	2026-09-04 13:10:21	0
2026-09	2026-09-04	55639	927	1	649.0000	installment	SHARK	SHARK-PX200EUT	ქიმწმენდის აპარატი SHARK PX200EUT	2026-09-04 07:28:55	0
2026-09	2026-09-04	55641	249	1	749.0000	installment	MIDEA	MIDEA-MF100W70	სარეცხის მანქანა MIDEA MF100W70	2026-09-04 10:26:47	0
2026-09	2026-09-04	55649	142300	1	949.0000	installment	SAMSUNG	176263	Mobile and Smartphones/ Samsung/ Samsung A276B Galaxy A27 6GB/128GB 5G Duos Black	2026-09-04 07:12:20	0
2026-09	2026-09-04	55652	142264	1	679.0000	installment	HONOR	177278	Mobile and Smartphones/ Honor/ Honor X7e 6GB/128GB Sunrise Orange	2026-09-04 10:37:18	0
2026-09	2026-09-04	55672	57491	1	2369.0000	installment	TCL	172683	TV/ LED/ TCL/ TV 75"(190cm)/ TCL 75V6D Google TV  4K  HDR10 WiFi5 BT5.2 Dolby Audio 15W 300X300	2026-09-04 08:31:17	0
2026-09	2026-09-04	55683	57552	1	1619.0000	installment	TCL	172041	TV/ MiniLED/ TCL/ Mini LED TCL TV 50"(127cm)/ 50C6K 4K GTV HDR high brightnesst; MEMC120Hz/VRR 2K@240Hz,4K@144Hz; 2x15W Airplay2; WiFi5; BT5.4; 300x300	2026-09-04 11:16:20	0
2026-09	2026-09-04	55684	142301	1	949.0000	installment	SAMSUNG	176265	Mobile and Smartphones/ Samsung/ Samsung A276B Galaxy A27 6GB/128GB 5G Duos Blue	2026-09-04 11:26:33	0
2026-09	2026-09-04	55694	259	1	1479.0000	installment	SIMFER	SIMFER-ZE9060-IXC	გაზქურა SIMFER ZE9060 IXC	2026-09-04 07:45:40	0
2026-09	2026-09-04	55695	142262	1	679.0000	installment	HONOR	177277	Mobile and Smartphones/ Honor/ Honor X7e 6GB/128GB Light Blue	2026-09-04 10:49:48	0
2026-09	2026-09-04	55728	238	1	149.0000	installment	FRANKO	FRANKO-FSI-1188	უთო FRANKO FSI-1188	2026-09-04 10:52:50	0
2026-09	2026-09-04	55728	38646	1	209.0000	installment	SENCOR	125130	Blender/ Sencor SBL 7570SS	2026-09-04 10:52:50	0
2026-09	2026-09-04	55730	2127	1	529.0000	installment	HONOR	167871	ტელეფონი HONOR X6c 6GB/128GB Ocean Cyan	2026-09-04 11:01:40	0
2026-09	2026-09-04	55748	500	1	569.0000	installment	HISENSE	HISENSE-DT27DR4-White	მაცივარი HISENSE DT27DR4-White	2026-09-04 11:13:23	0
2026-09	2026-09-04	55750	1994	1	1209.0000	installment	HISENSE	HISENSE-RD39WCWD-BI	მაცივარი HISENSE RD39WCWD-BI	2026-09-04 11:36:04	0
2026-09	2026-09-04	55754	2543	1	699.0000	installment	DREAME	DZ30	აეროგრილი DREAME DZ30 - Black	2026-09-04 11:18:18	0
2026-09	2026-09-04	55763	2434	1	1699.0000	installment	DREAME	Dream-013	რობოტი მტვერსასრუტი Dreame Robot Vacuum D20 Pro Plus White (RLD43SD)	2026-09-04 13:06:45	0
2026-09	2026-09-04	55774	888	1	849.0000	installment	MARAZZI	MARAZZI-WM701FL66-S-W	სარეცხი მანქანა MARAZZI WM701FL66(S/W)	2026-09-04 13:28:09	0
2026-09	2026-09-04	55792	1975	1	629.0000	installment	HISENSE	HISENSE-DT27DR4-SILVER	მაცივარი HISENSE DT27DR4-SILVER	2026-09-04 12:44:02	0
2026-09	2026-09-04	55818	434	1	2029.0000	installment	MIDEA	MIDEA-L1PB24-C28WM	ცენტრალური გათბობის ქვაბი MIDEA L1PB24-C28WM	2026-09-04 13:58:38	0
2026-09	2026-09-04	55829	927	1	649.0000	installment	SHARK	SHARK-PX200EUT	ქიმწმენდის აპარატი SHARK PX200EUT	2026-09-04 13:35:01	0
2026-09	2026-09-04	55871	142296	1	679.0000	installment	SAMSUNG	169670	Mobile and Smartphones/ Samsung/ Samsung A175F Galaxy A17 6GB/128GB LTE Duos Black	2026-09-04 11:37:41	0
2026-09	2026-09-04	55880	147	1	309.0000	installment	FRANKO	FRANKO-FKM-1178	სამზარეულოს კომბაინი FRANKO FKM-1178	2026-09-04 12:27:49	0
2026-09	2026-09-05	55365	142265	1	709.0000	installment	HONOR	177280	Mobile and Smartphones/ Honor/ Honor X7e 6GB/256GB Light Blue	2026-09-05 08:47:56	0
2026-09	2026-09-05	55387	3745	1	999.0000	installment	DREAME	AMF18A	თმის სტაილერი Styler Dreame AirStyle Pro Gold Titanium (AMF18A)	2026-09-05 08:58:35	0
2026-09	2026-09-05	55396	38739	1	169.0000	installment	REMINGTON	161310	Hair Dryer/ Remington AC8820 E51 Keratin Protect Dryer 2200	2026-09-05 06:46:27	0
2026-09	2026-09-05	55396	39587	1	89.0000	installment	REMINGTON	163257	Hair Straighter/ Remington S3500 E51 Ceramic Straight 230	2026-09-05 06:46:27	0
2026-09	2026-09-05	55423	2160	1	429.0000	installment	MIDEA	MIDEA-VSS-P9-LITE	მტვერსასრუტი MIDEA VSS-P9-LITE	2026-09-05 06:43:54	0
2026-09	2026-09-05	55458	1059	1	699.0000	installment	MARAZZI	MARAZZI-C-F-218FS-S-W	საყინულე MARAZZI CF-218FS(SW)	2026-09-05 06:56:17	0
2026-09	2026-09-05	55490	915	1	439.0000	installment	NINJA	NINJA-AF140EUCM	აეროგრილი NINJA AF140EUCM	2026-09-05 06:31:12	0
2026-09	2026-09-05	55490	19149	2	358.0000	installment		244103	პუფი ალკანტარის ზურგიანი დიდი 80 სმ	2026-09-05 06:31:12	0
2026-09	2026-09-05	55628	142260	1	1269.0000	installment	HONOR	174308	Mobile and Smartphones/ Honor/ Honor 600 Lite 8GB/256GB Dual Sim Velvet Grey	2026-09-05 11:44:13	0
2026-09	2026-09-05	55706	19091	2	118.0000	installment		60822	პუფი საბავშვო ოქსფორდი 70x55 სმ	2026-09-05 06:39:37	0
2026-09	2026-09-05	55706	459	1	359.0000	installment		Table-with-4-chairs-brown	მაგიდა 4 სკამით (ყავისფერი)	2026-09-05 06:39:37	0
2026-09	2026-09-05	55737	39709	1	429.0000	installment	SAMSUNG	169294	Mobile and Smartphones/ Samsung/ Samsung A075F Galaxy A07 4GB/128GB LTE Duos Black	2026-09-05 10:59:02	0
2026-09	2026-09-05	55742	2161	1	239.0000	installment	MIDEA	MIDEA-VCS43A14H-R	მტვერსასრუტი MIDEA VCS43A14H(R)	2026-09-05 07:01:22	0
2026-09	2026-09-05	55758	437	1	2979.0000	installment	MIDEA	MIDEA-L1PB36-C28WL	ცენტრალური გათბობის ქვაბი MIDEA L1PB36-C28WL	2026-09-05 09:21:28	0
2026-09	2026-09-05	55795	608	1	979.0000	installment	SHARK	SHARK-IZ300EU	მტვერსასრუტი SHARK IZ300EU	2026-09-05 09:44:25	0
2026-09	2026-09-05	55819	39776	1	749.0000	installment	TCL	165469	TV/ QLED/ TCL/ QLED TV  43"(109cm)/ 43S5K  Google TV FHD 1920x1080 HDR10 6.5ms 178* 220cd/m2 4000:1 DVB-T2/S/S2/C BT5.0 WiFi LAN HDMI USB 2x5W VESA100	2026-09-05 12:32:30	0
2026-09	2026-09-05	55858	2271	1	699.0000	installment	DREAME	Dream-001	რობოტი მტვერსასრუტი Dreame Robot Vacuum F10 Black (RLF11SA)	2026-09-05 11:15:30	0
2026-09	2026-09-05	55862	142262	2	1358.0000	installment	HONOR	177277	Mobile and Smartphones/ Honor/ Honor X7e 6GB/128GB Light Blue	2026-09-05 11:31:16	0
2026-09	2026-09-05	55877	2554	1	219.0000	installment	CASIO	9BUDF	საათი Casio Quartz Wristwatch / LTP-V007SG-9BUDF	2026-09-05 09:28:06	0
2026-09	2026-09-05	55885	1796	1	239.0000	installment	HISENSE	HISENSE-HAF1900D	აეროგრილი HISENSE HAF1900D	2026-09-05 14:27:48	0
2026-09	2026-09-05	55896	68727	1	1269.0000	installment		ZOOM-032903	ელექტრო სკუტერი Segway Ninebot Kickscooter E2	2026-09-05 09:58:28	0
2026-09	2026-09-05	55914	798	1	329.0000	installment	FRANKO	FRANKO-FAF-90-27	აეროგრილი FRANKO FAF-9027	2026-09-05 11:55:20	0
2026-09	2026-09-05	55920	1883	1	1949.0000	installment	NINJA	NINJA-ES601EU	ესპრესოს ყავის აპარატი NINJA ES601EU	2026-09-05 11:59:41	0
2026-09	2026-09-05	55930	932	1	389.0000	installment	FRANKO	FRANKO-FCO-9037	ელექტრო ღუმელი FRANKO FCO-9037	2026-09-05 13:51:24	0
2026-09	2026-09-05	55932	2145	1	1299.0000	installment	MIDEA	MIDEA-MD1180BH60-W	სარეცხის საშრობი MIDEA MD1180BH60/W	2026-09-05 12:50:44	0
2026-09	2026-09-05	55942	142265	1	709.0000	installment	HONOR	177280	Mobile and Smartphones/ Honor/ Honor X7e 6GB/256GB Light Blue	2026-09-05 11:22:39	0
2026-09	2026-09-05	55953	1066	1	1759.0000	installment	MARAZZI	MARAZZI-FDR-405FSO-SDI	მაცივარი MARAZZI FDR-405FSO(SDI)	2026-09-05 11:47:52	0
2026-09	2026-09-05	55954	2182	1	679.0000	installment	JANOME	Janome-J925S	საკერავი მანქანა Janome J925S	2026-09-05 12:40:08	0
2026-09	2026-09-05	55962	1086	1	1049.0000	installment	MIDEA	MIDEA-MF01610US40-W	სარეცხი მანქანა MIDEA MF01610US40/W	2026-09-05 13:44:25	0
2026-09	2026-09-05	55966	24438	1	1059.0000	installment	KARIZZMA	JSG31-16NT02	წყლის გამაცხელებელი KARIZZMA JSG31-16NT02	2026-09-05 09:00:33	0
2026-09	2026-09-05	55981	848	1	919.0000	installment	CHIGO	CHIGO-CWF804G	სარეცხი მანქანა CHIGO CWF804G	2026-09-05 12:07:15	0
2026-09	2026-09-05	55991	1086	1	709.0000	installment	MIDEA	MIDEA-MF01610US40-W	სარეცხი მანქანა MIDEA MF01610US40/W	2026-09-05 13:24:46	0
2026-09	2026-09-05	56004	932	1	389.0000	installment	FRANKO	FRANKO-FCO-9037	ელექტრო ღუმელი FRANKO FCO-9037	2026-09-05 13:02:26	0
2026-09	2026-09-07	55467	2514	1	1369.0000	installment		T10FT	ლურჯი ბატუტი კიბით AJ-T10FT 10FT (306სმ;250კგ)	2026-09-07 10:23:54	0
2026-09	2026-09-07	55669	249	1	749.0000	installment	MIDEA	MIDEA-MF100W70	სარეცხის მანქანა MIDEA MF100W70	2026-09-07 05:32:40	0
2026-09	2026-09-07	55775	900	1	759.0000	installment	MARAZZI	MARAZZI-ML43UG74C	ტელევიზორი MARAZZI ML43UG74C	2026-09-07 09:45:09	0
2026-09	2026-09-07	55830	142265	1	709.0000	installment	HONOR	177280	Mobile and Smartphones/ Honor/ Honor X7e 6GB/256GB Light Blue	2026-09-07 07:13:15	0
2026-09	2026-09-07	55844	1472	1	439.0000	installment	HISENSE	HISENSE-32A4Q	ტელევიზორი HISENSE 32A4Q	2026-09-07 13:13:19	0
2026-09	2026-09-07	55897	747	1	799.0000	installment	HISENSE	HISENSE-RD-23DC-SILVER	მაცივარი HISENSE RD-23DC SILVER	2026-09-07 09:46:25	0
2026-09	2026-09-07	55906	849	1	999.0000	installment	CHIGO	CHIGO-CWF904	სარეცხი მანქანა CHIGO CWF904	2026-09-07 06:43:26	0
2026-09	2026-09-07	55909	269	1	119.0000	installment	FRANKO	FRANKO-FHS-1199	უთო FRANKO FHS-1199	2026-09-07 13:21:23	0
2026-09	2026-09-07	55909	1184	1	89.0000	installment	FRANKO	FRANKO-F-G-T-1207	ტოსტერი FRANKO FGT-1207	2026-09-07 13:21:23	0
2026-09	2026-09-07	55921	1374	1	449.0000	installment	CHIGO	CHIGO-CRG120	მაცივარი CHIGO CRG120	2026-09-07 14:04:53	0
2026-09	2026-09-07	55984	142276	1	1419.0000	installment	OnePlus	176664	Mobile and Smartphones/ OnePlus/ OnePlus Nord CE 6 8GB/256GB Pitch Black	2026-09-07 14:39:48	0
2026-09	2026-09-07	55988	71606	1	179.0000	installment		338SKY	საბავშვო სკუტერი ხელის მოსაკიდით 338SKY	2026-09-07 06:31:47	0
2026-09	2026-09-07	56007	2160	1	429.0000	installment	MIDEA	MIDEA-VSS-P9-LITE	მტვერსასრუტი MIDEA VSS-P9-LITE	2026-09-07 11:55:46	0
2026-09	2026-09-07	56027	64146	1	689.0000	installment	DJI	DJI-1	DJI Neo ( No RC)	2026-09-07 14:09:05	0
2026-09	2026-09-07	56036	38978	1	139.0000	installment	Electrolux	160014	Mixer/ Electrolux EHM4B	2026-09-07 13:41:23	0
2026-09	2026-09-07	56036	2163	1	369.0000	installment	MIDEA	MIDEA-MF-CY55WK2	აეროგრილი MIDEA MF-CY55WK2	2026-09-07 13:41:23	0
2026-09	2026-09-07	56048	660	1	909.0000	installment		bed-M1	საწოლი M1	2026-09-07 11:58:11	0
2026-09	2026-09-07	56048	19087	1	339.0000	installment		MAT010	მატრასი ღია ზამბარა ერთქეჩიანი 160/200	2026-09-07 11:58:11	0
2026-09	2026-09-07	56074	684	1	859.0000	installment		polo	დივანი "პოლო"	2026-09-07 13:30:38	0
2026-09	2026-09-07	56106	2140	1	629.0000	installment	MIDEA	MIDEA-MWH100-20ED6-CIS-W	დენის წყლის გამაცხელებელი MIDEA MWH100-20ED6(CIS)W	2026-09-07 09:50:34	0
2026-09	2026-09-07	56114	71613	1	169.0000	installment		006SKU-BLU	საბავშვო სკუტერი dumitu plus 006SKU-BLU	2026-09-07 08:41:44	0
2026-09	2026-09-07	56114	2547	1	179.0000	installment	CASIO	7ARDF	საათი Casio Quartz Wristwatch / LTP-1094Q-7ARDF	2026-09-07 08:41:44	0
2026-09	2026-09-07	56123	1472	1	439.0000	installment	HISENSE	HISENSE-32A4Q	ტელევიზორი HISENSE 32A4Q	2026-09-07 13:44:34	0
2026-09	2026-09-07	56123	40211	1	69.0000	installment	ULTIMATE	52992	TV Accessories/ Wall Brakets/ Ultimate  SL-400  26"-40"/66-102cm  Fixed Lockable TV Bracket  35kg 3.5mm(wall distance) VESA 200/400	2026-09-07 13:44:34	0
2026-09	2026-09-07	56133	921	1	869.0000	installment	NINJA	NINJA-SL400EU	აეროგრილი NINJA SL400EU	2026-09-07 09:27:11	0
2026-09	2026-09-07	56141	3745	1	999.0000	installment	DREAME	AMF18A	თმის სტაილერი Styler Dreame AirStyle Pro Gold Titanium (AMF18A)	2026-09-07 11:37:20	0
2026-09	2026-09-07	56159	862	1	409.0000	installment	MIDEA	MIDEA-MF-CY110-A	აეროგრილი MIDEA MF-CY110A	2026-09-07 13:27:16	0
2026-09	2026-09-07	56161	1190	1	519.0000	installment	MARAZZI	MARAZZI-D-E-1202	გაზის წყლის გამაცხელებელი MARAZZI  DE 1202	2026-09-07 09:57:06	0
2026-09	2026-09-07	56174	789	1	139.0000	installment	FRANKO	FRANKO-FES-9006	მტვერსასრუტი FRANKO FES-9006	2026-09-07 09:23:57	0
2026-09	2026-09-07	56174	41444	1	219.0000	installment	MIDEA	212678	ხელის ბლენდერი Midea MJ-BH1001W	2026-09-07 09:23:57	0
2026-09	2026-09-07	56185	1566	1	299.0000	installment	MIDEA	MIDEA-M-F-C-Y-85-W-K-2	აეროგრილი MIDEA MF-CY85WK2	2026-09-07 11:35:08	0
2026-09	2026-09-07	56185	648	1	99.0000	installment	MIDEA	MIDEA-MJ-BH4001W	ბლენდერი MIDEA MJ-BH4001W	2026-09-07 11:35:08	0
2026-09	2026-09-07	56204	1663	1	1299.0000	installment	HISENSE	HISENSE-58E7Q	ტელევიზორი HISENSE 58E7Q	2026-09-07 13:50:32	0
2026-09	2026-09-07	56223	66358	1	63.0000	installment		241025	ჭაღი Bella Mita 6410-3 3 E27 MAX 60W თეთრი	2026-09-07 10:14:26	0
2026-09	2026-09-07	56223	67403	1	459.0000	installment		ECO	საწოლი ორ კაციანი ECO	2026-09-07 10:14:26	0
2026-09	2026-09-07	56223	2128	1	629.0000	installment		Mattress-open-spring	მატრასი ღია ზამბარა 160/200	2026-09-07 10:14:26	0
2026-09	2026-09-07	56241	932	1	389.0000	installment	FRANKO	FRANKO-FCO-9037	ელექტრო ღუმელი FRANKO FCO-9037	2026-09-07 14:06:26	0
2026-09	2026-09-07	56254	40245	1	759.0000	installment	AKOG	102115	Heater/ Akog/ AKOG-4-SP (SIT) BLACK (40-50 კვ2)	2026-09-07 11:32:23	0
2026-09	2026-09-07	56261	117	1	169.0000	installment	FRANKO	FRANKO-FDH-1066	ჩირის აპარატი FRANKO FDH-1066	2026-09-07 13:56:43	0
2026-09	2026-09-08	55838	1647	1	1499.0000	installment	BEKO	BEKO-DIN36430	ჩასაშენებელი ჭურჭლის სარეცხი მანქანა BEKO DIN36430	2026-09-08 11:36:49	0
2026-09	2026-09-08	55883	41549	1	395.0000	installment	KARCHER GEORGIA	SC-1-Multi-Up	ორთქლის აპარატი Karcher SC 1 Multi & Up	2026-09-08 08:50:44	1
2026-09	2026-09-08	55883	1773	1	89.0000	installment	ADLER	ADLER-AD2943	წვერსაპარსი ADLER AD2943	2026-09-08 08:50:44	1
2026-09	2026-09-08	55883	161	1	79.0000	installment	FRANKO	FRANKO-FHD-1147	თმის საშრობი FRANKO FHD-1147	2026-09-08 08:50:44	1
2026-09	2026-09-08	55883	1893	1	179.0000	installment	PHILIPS	PHILIPS-MG3940-15	თმის და წვერის საჭრელი PHILIPS MG3940/15	2026-09-08 08:50:44	1
2026-09	2026-09-08	55883	19090	2	98.0000	installment		50159	პუფი რბილი 34/34-40	2026-09-08 08:50:44	1
2026-09	2026-09-08	55971	1193	1	569.0000	installment	MARAZZI	MARAZZI-D-E-1206	გაზის წყლის გამაცხელებელი MARAZZI DE 1206	2026-09-08 08:49:41	0
2026-09	2026-09-08	56033	21802	1	209.0000	installment		113706	პერფორატორი Ingco RGH9028 800W	2026-09-08 07:12:44	0
2026-09	2026-09-08	56079	1193	1	569.0000	installment	MARAZZI	MARAZZI-D-E-1206	გაზის წყლის გამაცხელებელი MARAZZI DE 1206	2026-09-08 11:19:36	0
2026-09	2026-09-08	56082	355	1	389.0000	installment	SAMSUNG	SAMSUNG-VCC8835V37-XEV	მტვერსასრუტი SAMSUNG VCC8835V37/XEV	2026-09-08 11:49:21	0
2026-09	2026-09-08	56086	41548	1	380.0000	installment	KARCHER GEORGIA	SC-1-Multi-Comfort	ორთქლის აპარატი Karcher SC 1 Multi Comfort	2026-09-08 13:28:32	1
2026-09	2026-09-08	56088	2140	1	629.0000	installment	MIDEA	MIDEA-MWH100-20ED6-CIS-W	დენის წყლის გამაცხელებელი MIDEA MWH100-20ED6(CIS)W	2026-09-08 12:28:29	0
2026-09	2026-09-08	56092	142276	1	1419.0000	installment	OnePlus	176664	Mobile and Smartphones/ OnePlus/ OnePlus Nord CE 6 8GB/256GB Pitch Black	2026-09-08 10:31:19	0
2026-09	2026-09-08	56145	39061	1	429.0000	installment	SAMSUNG	80092	Vacuum Cleaner/ Samsung VCC885HH3P/XEV Red  Rambo	2026-09-08 11:03:20	0
2026-09	2026-09-08	56168	58075	2	418.0000	installment		SAGA-TUMBO	SAGA საძინებლის ტუმბო	2026-09-08 08:09:46	0
2026-09	2026-09-08	56265	1994	1	1339.0000	installment	HISENSE	HISENSE-RD39WCWD-BI	მაცივარი HISENSE RD39WCWD-BI	2026-09-08 07:42:21	0
2026-09	2026-09-08	56272	891	1	1199.0000	installment	MARAZZI	MARAZZI-WM804FL66-S-DG	სარეცხი მანქანა MARAZZI WM804FL66(S/DG)	2026-09-08 09:48:21	0
2026-09	2026-09-08	56273	880	1	1199.0000	installment	MIDEA	MIDEA-MFA01W70B-W	სარეცხი მანქანა MIDEA MFA01W70B/W	2026-09-08 13:31:31	0
2026-09	2026-09-08	56284	3745	1	999.0000	installment	DREAME	AMF18A	თმის სტაილერი Styler Dreame AirStyle Pro Gold Titanium (AMF18A)	2026-09-08 11:19:55	0
2026-09	2026-09-08	56288	142259	1	1269.0000	installment	HONOR	174307	Mobile and Smartphones/ Honor/ Honor 600 Lite 8GB/256GB Dual Sim Velvet Black	2026-09-08 07:37:09	0
2026-09	2026-09-08	56290	649	1	1299.0000	installment	MIDEA	MIDEA-S8	რობოტი მტვერსასრუტი MIDEA S8+	2026-09-08 12:42:33	0
2026-09	2026-09-08	56334	41202	1	329.0000	installment	CASIO	AQ-230GA-9DHDF	Casio General Quartz Wristwatch Unisex/AQ-230GA-9DHDF	2026-09-08 09:46:52	0
2026-09	2026-09-08	56334	2558	1	229.0000	installment	CASIO	230A-7DHDF	საათი Casio General Quartz Wristwatch Unisex/AQ-230A-7DHDF	2026-09-08 09:46:52	0
2026-09	2026-09-08	56343	1086	1	709.0000	installment	MIDEA	MIDEA-MF01610US40-W	სარეცხი მანქანა MIDEA MF01610US40/W	2026-09-08 08:22:28	0
2026-09	2026-09-08	56344	39777	1	949.0000	installment	TCL	165471	TV/ QLED/ TCL/ QLED TV  50"(127cm)/ 50S5K  Google TV FHD 1920x1080 HDR10 6.5ms 178* 220cd/m2 4000:1 DVB-T2/S/S2/C BT5.0 WiFi LAN HDMI USB 2x5W VESA 200x200	2026-09-08 10:40:17	0
2026-09	2026-09-08	56351	356	1	419.0000	installment	SAMSUNG	SAMSUNG-VCC885HH3P-XEV	მტვერსასრუტი SAMSUNG VCC885HH3P/XEV	2026-09-08 12:36:32	0
2026-09	2026-09-08	56361	249	1	749.0000	installment	MIDEA	MIDEA-MF100W70	სარეცხის მანქანა MIDEA MF100W70	2026-09-08 09:06:33	0
2026-09	2026-09-08	56362	1544	1	1219.0000	installment	MARAZZI	MARAZZI-SDF-262FS-SG	საყინულე MARAZZI SDF-262FS (SG)	2026-09-08 10:14:34	0
2026-09	2026-09-08	56373	2525	1	1279.0000	installment	HONOR	Honor600Lite8GB256GB	ტელეფონი Honor 600 Lite 8GB/256GB Dual Sim Velvet Black	2026-09-08 08:31:24	0
2026-09	2026-09-08	56376	932	1	389.0000	installment	FRANKO	FRANKO-FCO-9037	ელექტრო ღუმელი FRANKO FCO-9037	2026-09-08 10:36:37	0
2026-09	2026-09-08	56380	891	1	999.0000	installment	MARAZZI	MARAZZI-WM804FL66-S-DG	სარეცხი მანქანა MARAZZI WM804FL66(S/DG)	2026-09-08 07:52:02	0
2026-09	2026-09-08	56387	999	1	229.0000	installment	OZ	OZ-OZ4232AA-Black	ელექტრო ღუმელი OZ OZ4232AA - Black	2026-09-08 11:15:20	0
2026-09	2026-09-08	56393	481	1	1529.0000	installment	FRANKO	FRANKO-FB-326NFDWDSS	მაცივარი FRANKO FB-326NFDWDSS	2026-09-08 11:15:43	0
2026-09	2026-09-08	56428	2157	1	1589.0000	installment	MIDEA	MIDEA-MDRB521MIE46OD	მაცივარი MIDEA MDRB521MIE46OD	2026-09-08 12:28:48	0
2026-09	2026-09-08	56449	1207	1	199.0000	installment	MIQILONG	MIQILONG-FARGO-135-YELLOW	სკუტერი MIQILONG FARGO-135-YELLOW	2026-09-08 13:04:30	0
2026-09	2026-09-08	56449	72394	1	379.0000	installment		968	ბავშვის სასეირნო ველო ეტლი სამთვალა 968	2026-09-08 13:04:30	0
2026-09	2026-09-08	56449	75719	1	239.0000	installment		130CER	სათამაშო მოედანი პატარებისთვის 130CER	2026-09-08 13:04:30	0
2026-09	2026-09-08	56449	73036	1	189.0000	installment		624-SKY	ჭოჭინა Baby მუსიკალური 624-SKY	2026-09-08 13:04:30	0
2026-09	2026-09-08	56455	142303	1	1199.0000	installment	SAMSUNG	176264	Mobile and Smartphones/ Samsung/ Samsung A276B Galaxy A27 8GB/256GB 5G Duos Black	2026-09-08 13:29:00	0
2026-09	2026-09-08	56461	1102	1	729.0000	single	MIDEA	MIDEA-MP08GEBK-DS	მტვერსასრუტი MIDEA MP08GEBK-DS	NULL	0
2026-09	2026-09-09	55945	942	1	879.0000	installment	MILLEN	MILLEN-FT6313MBZ-B	გაზქურა MILLEN FT6313MBZB	2026-09-09 13:14:24	0
2026-09	2026-09-09	55945	685	1	1059.0000	installment		Sofa-with-pouf	დივანი პუფით	2026-09-09 13:14:24	0
2026-09	2026-09-09	56063	427	1	759.0000	installment	MIDEA	MIDEA-JSG22-11VLS	გაზის წყლის გამაცხელებელი MIDEA JSG22-11VLS	2026-09-09 12:27:47	0
2026-09	2026-09-09	56157	2413	1	2199.0000	installment	DREAME	Dreame-H15	მტვერსასრუტი Dreame H15 Pro Heat wet and dry Vacuum Cleaner	2026-09-09 13:19:19	0
2026-09	2026-09-09	56176	19219	1	179.0000	installment		MG3940-15	უნივერსალური საჭრელი Philips MG3940/15	2026-09-09 11:05:50	0
2026-09	2026-09-09	56200	41546	1	595.0000	installment	KARCHER GEORGIA	KVA-2	უსადენო მტვერსასრუტი Karcher KVA 2	2026-09-09 07:41:00	1
2026-09	2026-09-09	56298	502	1	179.0000	installment	FRANKO	FRANKO-FVS-1235	ვაკუუმის აპარატი FRANKO FVS-1235	2026-09-09 13:04:25	0
2026-09	2026-09-09	56298	982	1	99.0000	installment	ARDESTO	ARDESTO-AR2106SB	დანების ნაკრები ARDESTO AR2106SB	2026-09-09 13:04:25	0
2026-09	2026-09-09	56305	789	1	139.0000	installment	FRANKO	FRANKO-FES-9006	მტვერსასრუტი FRANKO FES-9006	2026-09-09 11:59:40	0
2026-09	2026-09-09	56305	3224	1	189.0000	installment	ZAG BIJOUX	Ring008	ZAG BIJOUX SRT24163-01UNI-56 ბეჭედი	2026-09-09 11:59:40	0
2026-09	2026-09-09	56321	42582	1	599.0000	installment	ARSHIA	MG118-3626	ხორცსაკეპი ელექტრო ARSHIA MG118-3626 27250	2026-09-09 11:16:50	0
2026-09	2026-09-09	56345	1441	1	819.0000	installment	ARDESTO	ARDESTO-KMCH-K-1500-SS	სამზარეულოს კომბაინი ARDESTO KMCH-K1500SS	2026-09-09 13:17:00	0
2026-09	2026-09-09	56394	747	1	729.0000	installment	HISENSE	HISENSE-RD-23DC-SILVER	მაცივარი HISENSE RD-23DC SILVER	2026-09-09 12:31:44	0
2026-09	2026-09-09	56404	142302	1	949.0000	installment	SAMSUNG	176269	Mobile and Smartphones/ Samsung/ Samsung A276B Galaxy A27 6GB/128GB 5G Duos Light Pink	2026-09-09 07:44:50	0
2026-09	2026-09-09	56413	66134	1	229.0000	installment		191609	მაგიდა ტელევიზორის 182/38/37 სმ	2026-09-09 12:49:21	0
2026-09	2026-09-09	56423	19087	2	678.0000	installment		MAT010	მატრასი ღია ზამბარა ერთქეჩიანი 160/200	2026-09-09 08:00:28	0
2026-09	2026-09-09	56450	41545	1	495.0000	installment	KARCHER GEORGIA	VC-2-White	მტვერსასრუტი მტვრის ტომრით Karcher VC 2 White	2026-09-09 11:18:39	1
2026-09	2026-09-09	56459	38484	1	259.0000	installment	BOSCH	I93799	ხელის ბლენდერი BOSCH MSM4W210	2026-09-09 10:51:51	0
2026-09	2026-09-09	56464	2492	1	499.0000	installment	FRANKO	FCF-142DW	საყინულე FRANKO FCF-142DW	2026-09-09 13:41:28	0
2026-09	2026-09-09	56482	3748	1	999.0000	installment	DREAME	PurpleAMF18A	თმის სტაილერი Styler Dreame AirStyle Pro Purple (AMF18A)	2026-09-09 10:02:55	0
2026-09	2026-09-09	56494	3748	1	999.0000	installment	DREAME	PurpleAMF18A	თმის სტაილერი Styler Dreame AirStyle Pro Purple (AMF18A)	2026-09-09 06:43:54	0
2026-09	2026-09-09	56494	19219	1	179.0000	installment		MG3940-15	უნივერსალური საჭრელი Philips MG3940/15	2026-09-09 06:43:54	0
2026-09	2026-09-09	56506	848	1	919.0000	installment	CHIGO	CHIGO-CWF804G	სარეცხი მანქანა CHIGO CWF804G	2026-09-09 07:27:45	0
2026-09	2026-09-09	56520	660	1	909.0000	installment		bed-M1	საწოლი M1	2026-09-09 08:37:13	0
2026-09	2026-09-09	56520	19088	1	439.0000	installment		MAT011	მატრასი ღია ზამბარა ორქეჩიანი 160/200	2026-09-09 08:37:13	0
2026-09	2026-09-09	56521	142262	1	679.0000	installment	HONOR	177277	Mobile and Smartphones/ Honor/ Honor X7e 6GB/128GB Light Blue	2026-09-09 13:18:54	0
2026-09	2026-09-09	56528	142263	1	679.0000	installment	HONOR	177276	Mobile and Smartphones/ Honor/ Honor X7e 6GB/128GB Midnight Black	2026-09-09 12:34:21	0
2026-09	2026-09-09	56532	1276	1	329.0000	installment	HISENSE	HISENSE-HOM45-M	ელექტრო ღუმელი HISENSE HOM45M	2026-09-09 07:37:47	0
2026-09	2026-09-09	56535	833	1	439.0000	installment	NINJA	NINJA-AF140EU	აეროგრილი NINJA AF140EU	2026-09-09 08:18:46	0
2026-09	2026-09-09	56541	500	1	569.0000	installment	HISENSE	HISENSE-DT27DR4-White	მაცივარი HISENSE DT27DR4-White	2026-09-09 13:58:59	0
2026-09	2026-09-09	56551	142302	1	949.0000	installment	SAMSUNG	176269	Mobile and Smartphones/ Samsung/ Samsung A276B Galaxy A27 6GB/128GB 5G Duos Light Pink	2026-09-09 11:24:42	0
2026-09	2026-09-09	56561	39666	1	1299.0000	installment	HONOR	170320	Mobile and Smartphones/ Honor/ Honor X9d 12GB/256GB Reddish Brown	2026-09-09 13:02:18	0
2026-09	2026-09-10	56038	1086	1	709.0000	installment	MIDEA	MIDEA-MF01610US40-W	სარეცხი მანქანა MIDEA MF01610US40/W	2026-09-10 08:04:27	0
2026-09	2026-09-10	56496	2181	1	649.0000	installment	JANOME	Janome-MX1717	საკერავი მანქანა Janome MX1717	2026-09-10 13:09:42	0
2026-09	2026-09-10	56518	39720	1	1319.0000	installment	SAMSUNG	174435	Mobile and Smartphones/ Samsung/ Samsung A376E Galaxy A37 5G 8GB/128GB Duos Black	2026-09-10 10:26:27	0
2026-09	2026-09-10	56580	530	1	819.0000	installment	NINJA	NINJA-AF300EU-Dual-zone	აეროგრილი NINJA AF300EU Dual zone	2026-09-10 10:22:40	0
2026-09	2026-09-10	56609	72384	1	259.0000	installment		GH-K8-X	Kidilo K8 სამოგზაურო ეტლი GH-K8-X	2026-09-10 11:55:02	0
2026-09	2026-09-10	56625	20837	1	249.0000	installment		199397	საშხაპე სისტემა Valtemo Maxima Jet Black VS-2654	2026-09-10 09:26:50	0
2026-09	2026-09-10	56625	20712	1	299.0000	installment		240408	უნიტაზი კომპაქტი KALE დუროპლასტის თავსახურით	2026-09-10 09:26:50	0
2026-09	2026-09-10	56630	1613	1	749.0000	installment	SIMFER	SIMFER-B-6-EP-208-GGB-GEO-CAT	ჩასაშენებელი ღუმელი SIMFER B6EP208GGB GEO (CAT)	2026-09-10 12:41:13	0
2026-09	2026-09-10	56638	39658	1	1009.0000	installment	HONOR	172709	Mobile and Smartphones/ Honor/ HONOR X8d 8GB/128GB Dual Sim Light Blue	2026-09-10 13:10:37	0
2026-09	2026-09-10	56640	649	1	1299.0000	installment	MIDEA	MIDEA-S8	რობოტი მტვერსასრუტი MIDEA S8+	2026-09-10 10:32:28	0
2026-09	2026-09-10	56640	1545	1	809.0000	installment	HISENSE	HISENSE-043E7Q	ტელევიზორი HISENSE 43E7Q	2026-09-10 10:32:28	0
2026-09	2026-09-10	56656	68909	1	1429.0000	installment		ZOOM-038576	ელექტრო სკუტერი Xiaomi Electric Scooter 6 Lite	2026-09-10 11:46:35	0
2026-09	2026-09-10	56675	842	1	819.0000	installment	CHIGO	CHIGO-CWF704-G	სარეცხი მანქანა CHIGO CWF704G	2026-09-10 11:23:23	0
2026-09	2026-09-10	56689	77739	1	639.0000	installment	COMFORT ROOM	KF3190DT	მალაიზიური მაგიდა 160*90-ზე KF3190DT	2026-09-10 11:51:37	0
2026-09	2026-09-10	56689	66138	3	297.0000	installment		209019	სკამი Dona კრემისფერი	2026-09-10 11:51:37	0
2026-09	2026-09-10	56711	38755	1	189.0000	installment	REMINGTON	161300	Hair Styler/ Remington AS8810 E51 Keratin Prot. Rot. Air Styler	2026-09-10 12:49:00	0
2026-09	2026-09-10	56711	1525	1	209.0000	installment	FRANKO	FRANKO-F-G-T-9041	გრილ ტოსტერი FRANKO FGT-9041	2026-09-10 12:49:00	0
2026-09	2026-09-10	56716	142297	1	679.0000	installment	SAMSUNG	169671	Mobile and Smartphones/ Samsung/ Samsung A175F Galaxy A17 6GB/128GB LTE Duos Gray	2026-09-10 10:39:21	0
2026-09	2026-09-10	56717	142296	1	679.0000	installment	SAMSUNG	169670	Mobile and Smartphones/ Samsung/ Samsung A175F Galaxy A17 6GB/128GB LTE Duos Black	2026-09-10 12:41:35	0
2026-09	2026-09-10	56720	2183	1	729.0000	installment	JANOME	Janome-Pink-25	საკერავი მანქანა Janome Pink 25	2026-09-10 10:38:48	0
2026-09	2026-09-10	56745	142297	1	679.0000	installment	SAMSUNG	169671	Mobile and Smartphones/ Samsung/ Samsung A175F Galaxy A17 6GB/128GB LTE Duos Gray	2026-09-10 13:07:54	0
2026-09	2026-09-10	56750	142260	1	1269.0000	installment	HONOR	174308	Mobile and Smartphones/ Honor/ Honor 600 Lite 8GB/256GB Dual Sim Velvet Grey	2026-09-10 11:39:00	0
2026-09	2026-09-10	56753	1479	1	2139.0000	installment	SAMSUNG	SAMSUNG-WD11DG6B85BBLP	სარეცხი მანქანა საშრობით SAMSUNG WD11DG6B85BBLP	2026-09-10 13:14:42	0
2026-09	2026-09-10	56764	39665	1	1299.0000	installment	HONOR	170318	Mobile and Smartphones/ Honor/ Honor X9d 12GB/256GB Midnight Black	2026-09-10 13:24:44	0
2026-09	2026-09-10	56769	142259	1	1269.0000	installment	HONOR	174307	Mobile and Smartphones/ Honor/ Honor 600 Lite 8GB/256GB Dual Sim Velvet Black	2026-09-10 10:33:04	0
2026-09	2026-09-10	56778	814	1	789.0000	installment	MIDEA	MIDEA-MDDP-50DEN7	ტენის ამომშრობი MIDEA MDDP-50DEN7	2026-09-10 11:26:52	0
2026-09	2026-09-10	56780	1193	1	569.0000	installment	MARAZZI	MARAZZI-D-E-1206	გაზის წყლის გამაცხელებელი MARAZZI DE 1206	2026-09-10 12:18:02	0
2026-09	2026-09-10	56790	249	1	1059.0000	installment	MIDEA	MIDEA-MF100W70	სარეცხის მანქანა MIDEA MF100W70	2026-09-10 12:19:22	0
2026-09	2026-09-10	56806	68903	1	2049.0000	installment		ZOOM-039071	ელექტრო სკუტერი Segway Ninebot Kickscooter E3 Pro	2026-09-10 13:45:21	0
2026-09	2026-09-10	56809	40247	1	839.0000	installment	AKOG	83330	Heater/ Akog/ AKOG-5-SP (SIT) BLACK (55-70 კვ2)	2026-09-10 12:47:38	0
2026-09	2026-09-10	56809	1193	1	619.0000	installment	MARAZZI	MARAZZI-D-E-1206	გაზის წყლის გამაცხელებელი MARAZZI DE 1206	2026-09-10 12:47:38	0
2026-09	2026-09-11	56434	64038	1	429.0000	installment	TRINX	TRILOGY-2	ველოსიპედი TRILOGY 2.0	2026-09-11 11:52:06	0
2026-09	2026-09-11	56434	29788	32	928.0000	installment		108424	ლამინატი UltraDecor Castello Classic მუხა Nostalgia 1285x192x8 AC4/32	2026-09-11 11:52:06	0
2026-09	2026-09-11	56434	34313	1	459.0000	installment		214875	კარის ბლოკი Fly Doors LA STELLA 218 მუხა MOKO 36x800x2150 მმ	2026-09-11 11:52:06	0
2026-09	2026-09-11	56714	1193	1	619.0000	installment	MARAZZI	MARAZZI-D-E-1206	გაზის წყლის გამაცხელებელი MARAZZI DE 1206	2026-09-11 08:56:46	0
2026-09	2026-09-11	56749	3745	1	999.0000	installment	DREAME	AMF18A	თმის სტაილერი Styler Dreame AirStyle Pro Gold Titanium (AMF18A)	2026-09-11 06:46:05	0
2026-09	2026-09-11	56749	3685	1	289.0000	installment	PDPAOLA	NECK025	PDPAOLA CO01-525-U ყელსაბამი	2026-09-11 06:46:05	0
2026-09	2026-09-11	56749	3694	1	229.0000	installment	ANIA HAIE	NECK034	Ania Haie N005-01G ქალის ყელსაბამი	2026-09-11 06:46:05	0
2026-09	2026-09-11	56805	2537	1	1149.0000	installment	DREAME	R20UltrVRV57F	მტვერსასრუტი Cordless vacuum cleaner Dreame Cordless Vacuum Cleaner R20 Ultra (VRV57F)	2026-09-11 10:20:56	0
2026-09	2026-09-11	56805	2523	1	649.0000	installment	SHARK	SLEU	თმის სტაილერი SHARK HD426SLEU	2026-09-11 10:20:56	0
2026-09	2026-09-11	56812	142296	1	679.0000	installment	SAMSUNG	169670	Mobile and Smartphones/ Samsung/ Samsung A175F Galaxy A17 6GB/128GB LTE Duos Black	2026-09-11 08:24:51	0
2026-09	2026-09-11	56816	1800	1	209.0000	installment	BRAUN	BRAUN-SM5006	გრილ ტოსტერი BRAUN SM5006	2026-09-11 07:43:27	0
2026-09	2026-09-11	56819	3745	1	999.0000	installment	DREAME	AMF18A	თმის სტაილერი Styler Dreame AirStyle Pro Gold Titanium (AMF18A)	2026-09-11 07:49:44	0
2026-09	2026-09-11	56823	1190	1	519.0000	installment	MARAZZI	MARAZZI-D-E-1202	გაზის წყლის გამაცხელებელი MARAZZI  DE 1202	2026-09-11 06:27:43	0
2026-09	2026-09-11	56824	468	1	139.0000	installment	FRANKO	FRANKO-FKT-1222	ელექტრო ჩაიდანი FRANKO FKT-1222	2026-09-11 08:35:04	0
2026-09	2026-09-11	56824	509	1	119.0000	installment	FRANKO	FRANKO-FTS-1223	ტოსტერი FRANKO FTS-1223	2026-09-11 08:35:04	0
2026-09	2026-09-11	56853	2517	1	219.0000	installment	CASIO	V007SG-9EUDF	საათი Casio Quartz Wristwatch /LTP-V007SG-9EUDF	2026-09-11 07:47:15	0
2026-09	2026-09-11	56853	2559	1	249.0000	installment	CASIO	VD01D-2BVUDF	საათი Casio Quartz Wristwatch / MTP-VD01D-2BVUDF	2026-09-11 07:47:15	0
2026-09	2026-09-11	56862	41544	1	260.0000	installment	KARCHER GEORGIA	KWD-1-W-V	მრავალფუნქციური მტვერსასრუტი Karcher KWD 1 W V-12/2/18	2026-09-11 11:17:01	1
2026-09	2026-09-11	56862	222	1	109.0000	installment	PHILIPS	PHILIPS-HC3505-15	თმის საკრეჭი PHILIPS HC3505/15	2026-09-11 11:17:01	1
2026-09	2026-09-11	56864	249	1	749.0000	installment	MIDEA	MIDEA-MF100W70	სარეცხის მანქანა MIDEA MF100W70	2026-09-11 07:18:47	0
2026-09	2026-09-11	56865	1750	1	109.0000	installment	MIDEA	MIDEA-HM0293-B	მიქსერი MIDEA HM0293-B	2026-09-11 13:32:33	0
2026-09	2026-09-11	56865	1323	1	119.0000	installment	MIDEA	MIDEA-MJ-BH6001-W	ხელის ბლენდერი MIDEA MJ-BH6001W	2026-09-11 13:32:33	0
2026-09	2026-09-11	56881	89625	1	209.0000	installment		157897	ბაღის საქანელა 170x110x152 სმ	2026-09-11 08:36:21	0
2026-09	2026-09-11	56883	1994	1	1209.0000	installment	HISENSE	HISENSE-RD39WCWD-BI	მაცივარი HISENSE RD39WCWD-BI	2026-09-11 12:39:06	0
2026-09	2026-09-11	56897	1027	1	499.0000	installment	BEKO	BEKO-VRT-74225-VI	მტვერსასრუტი BEKO VRT 74225 VI	2026-09-11 13:37:32	0
2026-09	2026-09-11	56901	826	1	919.0000	installment	NINJA	NINJA-AF500EU	აეროგრილი NINJA AF500EU	2026-09-11 09:29:54	0
2026-09	2026-09-11	56917	800	1	369.0000	installment	PHILIPS	PHILIPS-BHS752-00	თმის უთო PHILIPS BHS752/00	2026-09-11 06:57:17	0
2026-09	2026-09-11	56922	3748	1	999.0000	installment	DREAME	PurpleAMF18A	თმის სტაილერი Styler Dreame AirStyle Pro Purple (AMF18A)	2026-09-11 09:43:53	0
2026-09	2026-09-11	56951	2556	2	358.0000	installment	CASIO	24B-1BDF	საათი Casio Quartz Wristwatch/MQ-24B-1BDF	2026-09-11 11:30:13	0
2026-09	2026-09-11	56959	893	1	1099.0000	installment	MARAZZI	MARAZZI-WM904FL66-S-DG	სარეცხი მანქანა MARAZZI WM904FL66(S/DG)	2026-09-11 10:14:42	0
2026-09	2026-09-11	56967	259	1	1519.0000	installment	SIMFER	SIMFER-ZE9060-IXC	გაზქურა SIMFER ZE9060 IXC	2026-09-11 11:51:07	0
2026-09	2026-09-11	57022	139377	1	1908.0000	single	PLAYSTATION	173438	Playstation 5 Console Slim CD Version White E Chassis Two DualSense Wireless Controllers Bundle	NULL	0
2026-09	2026-09-11	57022	39999	1	515.0000	single	SAMSUNG	134864	Monitor/ Samsung/ Odyssey G4 LS25BG400EIXCI 25" FHD 1920 x 1080 IPS 1ms 240Hz	NULL	0
2026-09	2026-09-11	57022	90808	2	336.0000	single	PLAYSTATION	173444	Playstation DualSense Wireless Controller Midnight Black	NULL	0
2026-09	2026-09-12	56554	1566	1	459.0000	installment	MIDEA	MIDEA-M-F-C-Y-85-W-K-2	აეროგრილი MIDEA MF-CY85WK2	2026-09-12 07:03:41	0
2026-09	2026-09-12	56676	3745	1	999.0000	installment	DREAME	AMF18A	თმის სტაილერი Styler Dreame AirStyle Pro Gold Titanium (AMF18A)	2026-09-12 06:37:34	0
2026-09	2026-09-12	56868	40246	1	839.0000	installment	AKOG	83333	Heater/ Akog/ AKOG-5-SP (SIT) BEIGE (55-70კვ2)	2026-09-12 07:11:33	0
2026-09	2026-09-12	56887	339	1	1049.0000	installment	MIDEA	MF200W80WB-T	სარეცხი მანქანა MIDEA MF200W80WB/T	2026-09-12 12:55:36	0
2026-09	2026-09-12	56890	41591	1	995.0000	installment	KARCHER GEORGIA	FCV-3	სველი წმენდის მტვერსასრუტი Kärcher FCV 3	2026-09-12 06:46:58	1
2026-09	2026-09-12	56953	2559	1	249.0000	installment	CASIO	VD01D-2BVUDF	საათი Casio Quartz Wristwatch / MTP-VD01D-2BVUDF	2026-09-12 06:51:35	0
2026-09	2026-09-12	57002	3745	1	999.0000	installment	DREAME	AMF18A	თმის სტაილერი Styler Dreame AirStyle Pro Gold Titanium (AMF18A)	2026-09-12 06:40:23	0
2026-09	2026-09-12	57024	943	1	759.0000	installment	MILLEN	MILLEN-FT6400GBZ-W	გაზქურა MILLEN FT6400GBZW	2026-09-12 08:06:18	0
2026-09	2026-09-12	57041	2007	1	1019.0000	installment	MIDEA	MIDEA-MFA01W80B-W	სარეცხი მანქანა MIDEA MFA01W80B/W	2026-09-12 08:30:22	0
2026-09	2026-09-12	57043	1086	1	709.0000	installment	MIDEA	MIDEA-MF01610US40-W	სარეცხი მანქანა MIDEA MF01610US40/W	2026-09-12 08:13:22	0
2026-09	2026-09-12	57068	67403	1	459.0000	installment		ECO	საწოლი ორ კაციანი ECO	2026-09-12 10:38:52	0
2026-09	2026-09-12	57069	1086	1	709.0000	installment	MIDEA	MIDEA-MF01610US40-W	სარეცხი მანქანა MIDEA MF01610US40/W	2026-09-12 10:35:57	0
2026-09	2026-09-12	57072	64034	1	439.0000	installment	TRINX	PRINCESS-2	ველოსიპედი PRINCESS 2.0	2026-09-12 09:44:38	0
2026-09	2026-09-12	57083	39664	1	1299.0000	installment	HONOR	170319	Mobile and Smartphones/ Honor/ Honor X9d 12GB/256GB Forest Green	2026-09-12 13:37:53	0
2026-09	2026-09-12	57084	249	1	749.0000	installment	MIDEA	MIDEA-MF100W70	სარეცხის მანქანა MIDEA MF100W70	2026-09-12 10:15:10	0
2026-09	2026-09-12	57089	1734	1	299.0000	installment	BEKO	BEKO-BKK-2300-G	ყავის აპარატი BEKO BKK 2300 G	2026-09-12 11:22:24	0
2026-09	2026-09-12	57092	792	1	649.0000	installment	FRANKO	FRANKO-FCF-142DSG	საყინულე FRANKO FCF-142DSG	2026-09-12 13:32:37	0
2026-09	2026-09-12	57093	2510	1	379.0000	installment		T6FT	ლურჯი ბატუტი AJ-T6FT 6FT (183სმ;150კგ)	2026-09-12 12:42:03	0
2026-09	2026-09-12	57094	800	1	369.0000	installment	PHILIPS	PHILIPS-BHS752-00	თმის უთო PHILIPS BHS752/00	2026-09-12 09:53:21	0
2026-09	2026-09-12	57121	888	1	849.0000	installment	MARAZZI	MARAZZI-WM701FL66-S-W	სარეცხი მანქანა MARAZZI WM701FL66(S/W)	2026-09-12 10:18:16	0
2026-09	2026-09-12	57131	800	1	369.0000	installment	PHILIPS	PHILIPS-BHS752-00	თმის უთო PHILIPS BHS752/00	2026-09-12 11:50:32	0
2026-09	2026-09-12	57132	1407	1	1259.0000	installment	HISENSE	HISENSE-50-E-7-Q	ტელევიზორი HISENSE 50E7Q	2026-09-12 12:25:38	0
2026-09	2026-09-12	57140	1511	1	599.0000	installment	BEKO	BEKO-B-L-32-H-D-6523-C	ტელევიზორი BEKO BL32 HD 6523 C	2026-09-12 13:58:54	0
2026-09	2026-09-12	57158	142263	1	679.0000	installment	HONOR	177276	Mobile and Smartphones/ Honor/ Honor X7e 6GB/128GB Midnight Black	2026-09-12 12:13:33	0
2026-09	2026-09-12	57164	39775	1	499.0000	installment	TCL	165192	TV/ QLED/ TCL/ QLED TV  32"(81cm) / 32S5K  Google TV FHD 1920x1080 HDR10 6.5ms 178* 220cd/m2 4000:1 DVB-T2/S/S2/C BT5.0 WiFi LAN HDMI USB 2x5W VESA100	2026-09-12 11:27:46	0
2026-09	2026-09-12	57168	229	1	319.0000	installment	FRANKO	FRANKO-FCO-1193	ელექტრო ღუმელი FRANKO FCO-1193	2026-09-12 12:55:48	0
2026-09	2026-09-12	57169	40602	1	169.0000	installment		225107	ქვაბი Berllong BDC-P24 სმ	2026-09-12 13:27:10	0
2026-09	2026-09-12	57169	40601	1	209.0000	installment		225105	ქვაბი Berllong BDC-P28 სმ	2026-09-12 13:27:10	0
2026-09	2026-09-12	57169	65960	1	109.0000	installment		232478	თარო 3 ქსოვილის განყოფილებით	2026-09-12 13:27:10	0
2026-09	2026-09-12	57170	2584	1	189.0000	installment	CASIO	LTP-1241D-2ADF	საათი Casio Quartz Wristwatch / LTP-1241D-2ADF	2026-09-12 13:40:45	0
2026-09	2026-09-12	57176	142297	1	679.0000	installment	SAMSUNG	169671	Mobile and Smartphones/ Samsung/ Samsung A175F Galaxy A17 6GB/128GB LTE Duos Gray	2026-09-12 13:39:51	0
2026-09	2026-09-12	57178	41552	1	1295.0000	installment	KARCHER GEORGIA	RVC-3-Comfort	Karcher რობოტი მტვერსასრუტი RVC 3 Comfort	2026-09-12 14:00:39	1
2026-09	2026-09-13	56197	806	1	3559.0000	installment		NULL	NULL	2026-09-13 06:29:07	0
2026-09	2026-09-13	56903	39658	1	1009.0000	installment	HONOR	172709	Mobile and Smartphones/ Honor/ HONOR X8d 8GB/128GB Dual Sim Light Blue	2026-09-13 08:20:59	0
2026-09	2026-09-13	57013	3745	1	999.0000	installment	DREAME	AMF18A	თმის სტაილერი Styler Dreame AirStyle Pro Gold Titanium (AMF18A)	2026-09-13 10:12:05	0
2026-09	2026-09-13	57014	142298	1	779.0000	installment	SAMSUNG	169673	Mobile and Smartphones/ Samsung/ Samsung A175F Galaxy A17 8GB/256GB LTE Duos Black	2026-09-13 06:41:49	0
2026-09	2026-09-13	57046	41588	1	470.0000	installment	KARCHER GEORGIA	SE-2-Spot-Care	ქიმიური წმენდის აპარატი Kärcher cleaner SE 2 Spot Care	2026-09-13 09:24:18	1
2026-09	2026-09-13	57066	1193	1	619.0000	installment	MARAZZI	MARAZZI-D-E-1206	გაზის წყლის გამაცხელებელი MARAZZI DE 1206	2026-09-13 07:49:25	0
2026-09	2026-09-13	57079	68901	1	1669.0000	installment		ZOOM-039070	ელექტრო სკუტერი Segway Ninebot Kickscooter E3	2026-09-13 11:15:37	0
2026-09	2026-09-13	57162	3748	1	999.0000	installment	DREAME	PurpleAMF18A	თმის სტაილერი Styler Dreame AirStyle Pro Purple (AMF18A)	2026-09-13 10:54:17	0
2026-09	2026-09-13	57174	142298	1	779.0000	installment	SAMSUNG	169673	Mobile and Smartphones/ Samsung/ Samsung A175F Galaxy A17 8GB/256GB LTE Duos Black	2026-09-13 11:54:30	0
2026-09	2026-09-13	57180	826	1	919.0000	installment	NINJA	NINJA-AF500EU	აეროგრილი NINJA AF500EU	2026-09-13 08:47:48	0
2026-09	2026-09-13	57182	1185	1	1429.0000	installment	SAMSUNG	SAMSUNG-RB29FERNDSA-W-R	მაცივარი SAMSUNG RB29FERNDSA/WR	2026-09-13 11:21:40	0
2026-09	2026-09-13	57183	842	1	819.0000	installment	CHIGO	CHIGO-CWF704-G	სარეცხი მანქანა CHIGO CWF704G	2026-09-13 08:23:34	0
2026-09	2026-09-13	57201	20597	1	309.0000	installment		228774	აბაზანის ავეჯის კომპლექტი Layla 80 სმ	2026-09-13 10:26:25	0
2026-09	2026-09-13	57206	39776	1	749.0000	installment	TCL	165469	TV/ QLED/ TCL/ QLED TV  43"(109cm)/ 43S5K  Google TV FHD 1920x1080 HDR10 6.5ms 178* 220cd/m2 4000:1 DVB-T2/S/S2/C BT5.0 WiFi LAN HDMI USB 2x5W VESA100	2026-09-13 08:07:18	0
2026-09	2026-09-13	57216	142297	1	679.0000	installment	SAMSUNG	169671	Mobile and Smartphones/ Samsung/ Samsung A175F Galaxy A17 6GB/128GB LTE Duos Gray	2026-09-13 12:15:45	0
2026-09	2026-09-13	57220	12406	1	229.0000	installment		213527	საოფისე სავარძელი შავი-წითელი 65x63x115 სმ	2026-09-13 07:49:58	0
2026-09	2026-09-13	57220	62554	1	339.0000	installment		VERDIG-K1	კომპიუტერის მაგიდა VERDIG K1 , წითელი ანტრაციტი	2026-09-13 07:49:58	0
2026-09	2026-09-13	57231	3748	1	999.0000	installment	DREAME	PurpleAMF18A	თმის სტაილერი Styler Dreame AirStyle Pro Purple (AMF18A)	2026-09-13 10:29:59	0
2026-09	2026-09-13	57232	434	1	1609.0000	installment	MIDEA	MIDEA-L1PB24-C28WM	ცენტრალური გათბობის ქვაბი MIDEA L1PB24-C28WM	2026-09-13 12:08:53	0
2026-09	2026-09-13	57245	1184	1	89.0000	installment	FRANKO	FRANKO-F-G-T-1207	ტოსტერი FRANKO FGT-1207	2026-09-13 12:15:22	0
2026-09	2026-09-13	57245	381	1	99.0000	installment	BRAUN	BRAUN-WK1100BK	ჩაიდანი BRAUN WK1100BK	2026-09-13 12:15:22	0
2026-09	2026-09-13	57259	142300	1	949.0000	installment	SAMSUNG	176263	Mobile and Smartphones/ Samsung/ Samsung A276B Galaxy A27 6GB/128GB 5G Duos Black	2026-09-13 12:58:11	0
2026-09	2026-09-13	57260	1086	1	709.0000	installment	MIDEA	MIDEA-MF01610US40-W	სარეცხი მანქანა MIDEA MF01610US40/W	2026-09-13 11:02:45	0
2026-09	2026-09-13	57264	39665	1	1299.0000	installment	HONOR	170318	Mobile and Smartphones/ Honor/ Honor X9d 12GB/256GB Midnight Black	2026-09-13 12:10:04	0
2026-09	2026-09-13	57272	1086	1	709.0000	installment	MIDEA	MIDEA-MF01610US40-W	სარეცხი მანქანა MIDEA MF01610US40/W	2026-09-13 10:20:04	0
2026-09	2026-09-13	57278	2246	1	979.0000	installment	HONOR	172712	ტელეფონი HONOR X8d 8GB/256GB Dual Sim Light Blue	2026-09-13 12:48:48	0
2026-09	2026-09-13	57286	1817	1	339.0000	installment	BRAUN	BRAUN-SI5188BK	უთო BRAUN SI5188BK	2026-09-13 09:56:42	0
2026-09	2026-09-13	57299	2510	1	379.0000	installment		T6FT	ლურჯი ბატუტი AJ-T6FT 6FT (183სმ;150კგ)	2026-09-13 12:59:18	0
2026-09	2026-09-13	57300	356	1	419.0000	installment	SAMSUNG	SAMSUNG-VCC885HH3P-XEV	მტვერსასრუტი SAMSUNG VCC885HH3P/XEV	2026-09-13 13:02:48	0
2026-09	2026-09-13	57314	142298	1	779.0000	installment	SAMSUNG	169673	Mobile and Smartphones/ Samsung/ Samsung A175F Galaxy A17 8GB/256GB LTE Duos Black	2026-09-13 13:43:54	0
2026-09	2026-09-13	57328	2271	1	699.0000	installment	DREAME	Dream-001	რობოტი მტვერსასრუტი Dreame Robot Vacuum F10 Black (RLF11SA)	2026-09-13 14:18:23	0
2026-09	2026-09-13	57329	2007	1	1019.0000	installment	MIDEA	MIDEA-MFA01W80B-W	სარეცხი მანქანა MIDEA MFA01W80B/W	2026-09-13 11:34:55	0
2026-09	2026-09-13	57339	1473	1	589.0000	installment	HISENSE	HISENSE-40A4Q	ტელევიზორი HISENSE 40A4Q	2026-09-13 12:51:27	0
2026-09	2026-09-13	57382	1970	1	209.0000	installment	FRANKO	FRANKO-FDH-1065	ჩირის აპარატი FRANKO FDH-1065	2026-09-13 14:08:05	0
2026-09	2026-09-14	56607	45907	1	1669.0000	installment		Corner-sofa-3	კუთხის დივანი #3	2026-09-14 07:33:56	0
2026-09	2026-09-14	56972	921	1	869.0000	installment	NINJA	NINJA-SL400EU	აეროგრილი NINJA SL400EU	2026-09-14 11:58:31	0
2026-09	2026-09-14	57020	242	1	859.0000	installment	HISENSE	HISENSE-DB35DCUR-INOX	მაცივარი HISENSE DB35DCUR-INOX	2026-09-14 06:32:36	0
2026-09	2026-09-14	57179	19573	1	379.0000	installment		202187	საშხაპე კაბინა WAY 824S-90X90X195 სმ (4მმ)	2026-09-14 09:23:07	0
2026-09	2026-09-14	57187	42090	1	249.0000	installment	ARSHIA	EC278-3420	ჩოფერი ტიტანის ელექტრო ARSHIA EC278-3420 27232	2026-09-14 08:12:04	0
2026-09	2026-09-14	57187	137	1	229.0000	installment	FRANKO	FRANKO-FMX-1149	მიქსერი FRANKO FMX-1149	2026-09-14 08:12:04	0
2026-09	2026-09-14	57192	1597	1	1119.0000	installment	MIDEA	MIDEA-MFD60S160Si	ჭურჭლის სარეცხი მანქანა MIDEA MFD60S160Si	2026-09-14 11:09:24	0
2026-09	2026-09-14	57387	60114	1	369.0000	installment		INGAR-4	5 უჯრიანი კომოდი INGAR, მუხისფერი	2026-09-14 07:58:06	0
2026-09	2026-09-14	57387	1164	1	169.0000	installment	BEKO	BEKO-T-B-N-81808-B-X	ბლენდერი BEKO TBN 81808 BX	2026-09-14 07:58:06	0
2026-09	2026-09-14	57395	2554	1	219.0000	installment	CASIO	9BUDF	საათი Casio Quartz Wristwatch / LTP-V007SG-9BUDF	2026-09-14 11:50:21	0
2026-09	2026-09-14	57456	39665	1	1299.0000	installment	HONOR	170318	Mobile and Smartphones/ Honor/ Honor X9d 12GB/256GB Midnight Black	2026-09-14 10:12:51	0
2026-09	2026-09-14	57472	163554	1	1889.0000	installment	Lenovo	177071	Notebook/ Lenovo/ SMB/ Lenovo V15 G4 15.6'' FHD Ryzen 3 7320U 8GB 256GB SSD Radeon Graphics Black	2026-09-14 09:08:13	0
2026-09	2026-09-14	57489	142258	1	1269.0000	installment	HONOR	174309	Mobile and Smartphones/ Honor/ Honor 600 Lite 8GB/256GB Dual Sim Desert Gold	2026-09-14 08:55:25	0
2026-09	2026-09-14	57494	88769	1	2489.0000	installment		170496	ფლეისთეიშენი PlayStation 5 Console - 1 TB	2026-09-14 09:10:26	0
2026-09	2026-09-14	57495	1473	1	749.0000	installment	HISENSE	HISENSE-40A4Q	ტელევიზორი HISENSE 40A4Q	2026-09-14 10:48:24	0
2026-09	2026-09-14	57500	243	1	1089.0000	installment	HISENSE	HISENSE-RS23WC-WHITE	საყინულე HISENSE RS23WC-WHITE	2026-09-14 12:42:17	0
2026-09	2026-09-14	57507	1059	1	609.0000	installment	MARAZZI	MARAZZI-C-F-218FS-S-W	საყინულე MARAZZI CF-218FS(SW)	2026-09-14 09:10:34	0
2026-09	2026-09-14	57508	164397	1	560.0000	installment	SAMSUNG	NA64H3010BK	ჩასაშენებელი ზედაპირი Samsung NA64H3010BK/WT	2026-09-14 12:50:05	0
2026-09	2026-09-14	57509	142260	1	1269.0000	installment	HONOR	174308	Mobile and Smartphones/ Honor/ Honor 600 Lite 8GB/256GB Dual Sim Velvet Grey	2026-09-14 09:31:02	0
2026-09	2026-09-14	57516	1108	1	279.0000	installment	BABYLISS	BABYLISS-AS136-E	ელექტრო სავარცხელი BABYLISS AS136E	2026-09-14 13:36:49	0
2026-09	2026-09-14	57517	19088	1	439.0000	installment		MAT011	მატრასი ღია ზამბარა ორქეჩიანი 160/200	2026-09-14 13:54:41	0
2026-09	2026-09-14	57525	3745	1	999.0000	installment	DREAME	AMF18A	თმის სტაილერი Styler Dreame AirStyle Pro Gold Titanium (AMF18A)	2026-09-14 11:46:41	0
2026-09	2026-09-14	57537	1974	1	1219.0000	installment	HISENSE	HISENSE-RS23WC-INOX	საყინულე HISENSE RS23WC-INOX	2026-09-14 11:53:45	0
2026-09	2026-09-14	57567	39665	1	1299.0000	installment	HONOR	170318	Mobile and Smartphones/ Honor/ Honor X9d 12GB/256GB Midnight Black	2026-09-14 13:51:01	0
2026-09	2026-09-14	57568	1151	1	319.0000	installment	BEKO	BEKO-MGC-20130-BB	მიკროტალღური ღუმელი BEKO MGC 20130 BB	2026-09-14 13:53:12	0
2026-09	2026-09-14	57572	1063	1	979.0000	installment	SHARK	SHARK-HD446E-U	თმის სტაილერი SHARK HD446EU	2026-09-14 13:37:14	0
2026-09	2026-09-14	57574	70302	1	565.0000	installment		FT-7188-C	 საბავშვო ელექტრო მანქანა G-Class FT-7188-C	2026-09-14 13:55:59	0
2026-09	2026-09-14	57579	1514	1	1399.0000	installment	BEKO	BEKO-B-L-55-U-H-D-9823-C	ტელევიზორი BEKO BL55 UHD 9823 C	2026-09-14 13:54:07	0
2026-09	2026-09-14	57581	39935	1	1669.0000	installment	DELONGHI	151033	Automatic Coffee Maker/ Delonghi  ECAM320.60.B Magnifica Plus	2026-09-14 13:57:33	0
2026-09	2026-09-15	57405	972	1	129.0000	installment	FRANKO	FRANKO-FSI-9003	უთო FRANKO FSI-9003	2026-09-15 12:26:59	0
2026-09	2026-09-15	57405	142259	1	1269.0000	installment	HONOR	174307	Mobile and Smartphones/ Honor/ Honor 600 Lite 8GB/256GB Dual Sim Velvet Black	2026-09-15 12:26:59	0
2026-09	2026-09-15	57406	1086	1	709.0000	installment	MIDEA	MIDEA-MF01610US40-W	სარეცხი მანქანა MIDEA MF01610US40/W	2026-09-15 09:26:06	0
2026-09	2026-09-15	57588	142297	1	679.0000	installment	SAMSUNG	169671	Mobile and Smartphones/ Samsung/ Samsung A175F Galaxy A17 6GB/128GB LTE Duos Gray	2026-09-15 14:56:06	0
2026-09	2026-09-15	57634	10729	1	639.0000	installment		249773	ბაღის ავეჯის კომპლექტი მაგიდა 6 სკამი	2026-09-15 07:36:18	0
2026-09	2026-09-15	57635	142266	1	709.0000	installment	HONOR	177279	Mobile and Smartphones/ Honor/ Honor X7e 6GB/256GB Midnight Black	2026-09-15 09:45:45	0
2026-09	2026-09-15	57667	346	1	259.0000	installment	FRANKO	FRANKO-FTV-32N4000	ტელევიზორი FRANKO FTV-32N4000	2026-09-15 13:53:23	0
2026-09	2026-09-15	57697	427	1	759.0000	installment	MIDEA	MIDEA-JSG22-11VLS	გაზის წყლის გამაცხელებელი MIDEA JSG22-11VLS	2026-09-15 12:26:57	0
2026-09	2026-09-15	57703	598	1	1950.0000	single	MIDEA	MIDEA-XT-18N8D6-Gold	კონდიციონერი MIDEA XT-18N8D6 Gold	NULL	0
2026-09	2026-09-15	57704	598	1	1950.0000	single	MIDEA	MIDEA-XT-18N8D6-Gold	კონდიციონერი MIDEA XT-18N8D6 Gold	NULL	0
2026-09	2026-09-15	57708	72387	1	399.0000	installment		6188V-BLACK	საბავშვო სამთვალა სასეირნო ველო-ეტლი 6188V-BLACK	2026-09-15 11:35:37	0
2026-09	2026-09-15	57715	1545	1	615.0000	installment	HISENSE	HISENSE-043E7Q	ტელევიზორი HISENSE 43E7Q	2026-09-15 11:58:30	0
2026-09	2026-09-15	57717	800	1	320.0000	installment	PHILIPS	PHILIPS-BHS752-00	თმის უთო PHILIPS BHS752/00	2026-09-15 12:06:32	0
2026-09	2026-09-15	57726	39797	1	1689.0000	installment	TCL	165203	TV/ MiniLED/ TCL/ Mini LED TCL TV 55"(140cm)/ 55C6K 4K GTV HDR high brightnesst; MEMC120Hz/VRR 2K@240Hz,4K@144Hz;ONKYO Audio System 2*10W+20W; Airplay2;WiFi5;BT5.4;300x	2026-09-15 13:24:16	0
