product_id	cost
1938	199.0000
1936	110.0000
1933	149.0000
1944	1185.0000
1943	934.0000
1932	149.0000
1930	223.0000
1927	434.0000
1926	404.0000
1925	464.0000
1924	842.0000
1923	1399.0000
1922	959.0000
1919	779.0000
1811	1200.0000
1753	359.0000
1752	374.0000
1751	303.0000
1747	77.0000
1746	77.0000
1744	41.0000
1743	29.0000
1742	359.0000
1741	439.0000
1740	184.0000
1737	239.0000
1736	354.0000
1735	214.0000
1733	147.0000
1732	191.0000
1731	184.0000
1730	879.0000
1729	719.0000
1728	369.0000
1727	1035.0000
1726	183.0000
1725	127.0000
1724	89.0000
1723	296.0000
1721	88.0000
1719	81.0000
1713	332.0000
1712	258.0000
1711	167.0000
1710	295.0000
1709	73.0000
1707	45.0000
1706	95.0000
1704	88.0000
1703	88.0000
1702	103.0000
1701	125.0000
1700	162.0000
1699	63.0000
1698	184.0000
1697	66.0000
1695	155.0000
1692	103.0000
1691	88.0000
1690	88.0000
1689	88.0000
1688	88.0000
1685	559.0000
1684	1299.0000
1683	545.0000
1682	535.0000
1681	569.0000
1665	155.0000
1658	1960.0000
1657	1960.0000
1656	1884.0000
1651	265.0000
1650	335.0000
1647	879.0000
1646	605.0000
1645	799.0000
1643	1719.0000
1641	88.0000
1640	449.0000
1639	419.0000
1638	389.0000
1636	159.0000
1635	37.6200
1633	161.2300
1632	171.9800
1631	72.0200
1630	59.1200
1629	51.5900
1628	107.4900
1627	77.3900
1625	72.0200
1624	162.8300
1623	33.8600
1622	33.8600
1612	182.7300
1609	248.0000
1607	88.0000
1604	545.0000
1603	215.0000
1568	221.3600
1583	260.2200
1581	1305.0000
1582	260.1400
1564	132.0000
1580	1450.0000
1563	149.0000
1562	107.0000
1561	543.0000
1560	447.0000
1559	639.0000
1556	147.0000
1555	125.0000
1579	1600.0000
1552	95.0000
1578	1600.0000
1577	1400.0000
1576	990.0000
1547	56.0200
1500	2559.0000
1499	1999.0000
1497	615.0000
1496	30.2500
1495	38.9000
1493	37.2600
1492	172.0100
1544	900.0000
1485	1200.0000
1484	999.0000
1483	82.0000
1543	850.0000
1542	59.7000
1541	171.2300
1538	650.0000
1537	1380.0000
1536	1070.0000
1535	1039.0000
1529	1650.0000
1528	1100.0000
1520	147.0000
1519	169.0000
1518	199.0000
1516	207.0000
1515	1359.0000
1514	1011.0000
1513	866.0000
1512	645.0000
1511	424.0000
1508	767.0000
1454	959.0000
1453	719.0000
1452	1439.0000
1451	2079.0000
1450	1730.0000
1449	1380.0000
1443	179.0100
1465	326.0000
1464	148.0000
1462	162.0000
1461	147.0000
1460	199.0000
1459	143.0000
1458	159.0000
1457	503.0000
1456	424.0000
1455	935.0000
1442	155.8600
1441	698.6700
1438	77.3900
1435	80.9300
1434	56.1900
1433	47.5400
1431	51.0000
1430	42.3600
1428	16.4200
1422	21.0500
1421	18.7400
1420	66.5600
1413	853.1200
1406	1400.0000
1405	1220.0000
1402	296.0000
1384	83.5300
1382	823.0000
1381	1291.0000
1380	819.0000
1379	987.0000
1335	27.1700
1334	82.8100
1332	231.1000
1373	949.0000
1372	879.0000
1371	871.0000
1370	959.0000
1369	923.0000
1296	839.0000
1277	753.5200
1271	449.0000
1363	237.0000
1254	852.0000
1253	813.0000
1251	759.0000
1250	887.0000
1152	183.0000
1249	665.0000
1151	183.0000
1150	459.0000
1147	2422.0000
1146	1699.0000
1145	1189.0000
1144	1104.0000
1143	1359.0000
1248	142.0000
1237	237.0000
1235	151.0000
1226	214.9800
1223	75.7700
1222	58.2200
1221	37.7200
1208	79.8000
1220	37.8400
1207	79.8000
1219	39.8400
1194	696.0000
1193	415.0000
1192	405.0000
1206	93.9100
1190	379.0000
1164	125.0000
1163	97.0000
1155	151.0000
1107	231.1000
1106	241.8500
1105	188.1000
1101	1519.0000
1100	59.6400
1099	231.1000
1092	1217.0000
1090	2125.0000
1089	580.0000
1082	845.0000
1078	2039.0000
1077	2159.0000
1067	1350.0000
1066	1300.0000
1065	1200.0000
1064	1170.0000
1062	909.0000
1061	769.0000
1060	594.0000
1059	499.0000
1058	429.0000
1057	349.0000
1051	106.9200
1050	106.9200
1049	106.9200
1048	125.8200
1047	125.2700
1046	124.6300
1045	92.4300
1044	125.3300
1042	123.3700
1041	125.8200
1040	102.5600
1039	40.0900
1038	21.6400
1037	1299.6300
1036	95.0000
1035	591.0000
1034	562.0000
1030	295.0000
1027	319.0000
1025	422.0000
1024	199.0000
1023	207.0000
1022	214.0000
997	1700.0000
998	1700.0000
1003	168.0000
1004	245.0000
1011	920.0000
1010	892.0000
1009	650.0000
1008	650.0000
1007	600.0000
1006	845.0000
1005	768.0000
1002	228.0000
1001	159.0000
1000	1750.0000
988	759.0000
987	879.0000
982	35.0600
967	133.1700
966	63.9300
965	83.8600
964	118.8200
962	174.7300
961	59.5800
959	169.4800
958	296.0000
957	151.0000
956	155.8600
955	139.7300
954	225.7200
953	136.8100
952	249.6200
951	41.5000
950	218.6500
949	114.4300
947	157.8900
946	220.9200
945	155.8600
944	290.2200
943	559.0000
942	591.0000
940	1763.0000
939	549.1500
936	317.0900
934	863.0000
933	1663.0000
912	995.0000
910	500.0000
911	1115.0000
909	490.0000
908	975.0000
907	950.0000
906	1115.0000
905	920.0000
904	960.0000
903	840.0000
902	880.0000
901	800.0000
900	560.0000
899	1150.0000
898	1050.0000
897	900.0000
896	1060.0000
893	805.0000
892	770.0000
891	730.0000
890	700.0000
889	650.0000
888	620.0000
869	110.0000
774	799.0000
773	719.0000
759	1557.0000
707	799.0000
706	1395.0000
705	1065.0000
704	740.0000
703	575.0000
701	935.0000
615	3060.0000
583	1215.0000
582	1119.0000
580	1138.0000
578	1439.0000
577	1311.0000
575	1871.0000
574	2559.0000
516	118.0000
464	1159.0000
441	1229.0000
405	118.0000
354	192.0000
350	751.0000
344	1359.0000
337	671.0000
320	263.0000
306	279.0000
304	1119.0000
302	455.0000
301	535.0000
299	687.0000
298	559.0000
2035	155.0000
2026	519.0000
2025	319.0000
1998	746.0000
2014	1175.0000
2037	1119.0000
2044	1079.0000
2045	272.0000
2028	775.3500
2031	356.6600
2033	429.0300
1980	491.0000
1982	389.0000
2016	444.0000
2059	254.0000
2177	1150.0000
2184	1350.0000
2185	1750.0000
1979	600.0000
2034	966.6000
2015	663.0000
1981	594.0000
2041	1559.0000
1997	1335.0000
2493	764.0000
4341	160.0000
4342	140.0000
4347	220.0000
5429	225.0000
5454	427.0000
5455	490.0000
5456	1330.0000
5459	1120.0000
5460	565.0000
5438	201.0000
5439	250.0000
5440	200.0000
5442	306.0000
5435	226.0000
5444	315.0000
5445	945.0000
5447	200.0000
5448	1155.0000
5436	460.0000
5428	476.0000
5449	595.0000
5451	651.0000
5452	630.0000
5453	1190.0000
5437	665.0000
5033	294.0000
5036	200.0000
5028	474.0000
5034	294.0000
5031	355.0000
13223	326.0000
13248	27.3000
13275	50.0000
13235	31.7000
13237	47.1000
5190	145.0000
12488	1054.5000
12472	1017.5000
12489	306.0000
12486	306.0000
12504	330.0000
12586	226.0000
12592	229.0000
12554	205.0000
12612	179.5000
12509	183.0000
12525	175.0000
12616	170.4000
12599	136.0000
12556	128.0000
12583	113.2000
12435	123.0000
12449	111.0000
12538	121.5000
12516	100.4000
12619	97.2000
12514	86.0000
12601	99.2000
12617	87.2000
12434	82.0000
12480	78.0000
12503	87.2000
12609	92.4000
12473	62.0000
12517	40.8000
12518	46.0000
12437	33.5000
12458	38.3000
12482	33.5000
12491	33.5000
12564	42.5000
12571	38.8000
12590	36.8000
12510	37.8000
12521	35.1000
12608	32.0000
12499	29.0000
12436	23.5000
12469	21.5000
12485	23.0000
12546	23.3000
12629	20.2000
12607	25.3000
12565	27.1000
12570	19.0000
12572	24.3000
12575	20.2000
13245	109.2000
13227	71.2000
13271	46.3000
13251	74.0000
13229	74.0000
13230	47.8000
13281	38.8000
13250	76.4000
5144	665.0000
5147	1405.0000
5141	770.0000
5157	686.0000
5156	546.0000
5140	553.0000
5139	504.0000
5054	396.0000
5153	295.0000
5158	277.0000
5152	240.0000
5138	257.0000
5145	227.0000
5154	215.0000
5160	166.0000
5159	165.0000
5229	327.0000
5076	322.0000
5092	665.0000
13265	20.2000
13278	19.3000
5179	376.0000
22624	524.0000
22601	5893.0000
22600	4054.0000
22602	4332.0000
22634	4678.0000
22588	285.0000
25992	1012.0000
26004	865.0000
26006	1303.0000
26557	1655.0000
26525	2185.0000
26542	1722.0000
26519	2350.0000
26556	1995.0000
26528	1400.0000
26518	1343.0000
26529	1218.0000
26526	1662.0000
26555	3241.0000
26554	3282.0000
26552	2160.0000
26520	2081.0000
26530	1460.0000
26522	1636.0000
26547	1320.0000
26549	1150.0000
25274	1650.0000
25268	1580.0000
25262	1500.0000
25265	1320.0000
22641	1690.0000
22635	2951.0000
22633	4646.0000
22625	2808.0000
22611	3256.0000
22614	1100.0000
22610	2419.0000
22615	3509.0000
25273	999.0000
25266	1100.0000
25263	1070.0000
25276	1908.0000
25271	2152.0000
22632	2625.0000
22623	541.0000
22628	1013.0000
22626	974.9925
22629	835.0000
22612	1050.0000
22618	1500.0000
22604	585.0000
25269	766.0000
25272	713.0000
25275	739.0000
25264	765.0000
26527	870.0000
26521	610.0000
26541	803.0000
26524	749.0000
26533	754.0000
26546	770.0000
22591	1425.0000
30812	241.0000
30813	285.0000
5336	200.0000
5306	504.0000
26551	2467.0000
26540	1327.0000
26534	1672.0000
26548	2504.0000
22598	1935.0000
22596	2160.0000
22620	2711.0000
22621	3299.0000
22613	3340.0000
22616	3653.0000
22638	2423.0000
22639	2328.0000
22642	1658.0000
22630	3842.0000
22589	525.0000
22594	780.0000
22592	1125.0000
22603	1125.0000
26536	792.0000
26543	713.0000
26553	840.0000
38506	218.0000
39221	49.0000
38353	520.0000
22637	2109.0000
38355	1352.0000
40341	522.0300
40362	715.9200
40363	1113.6600
40364	1382.1300
40365	586.6600
40366	676.1500
40367	745.7500
40368	217.6400
40369	228.5200
40372	470.2400
40374	826.0700
40375	863.4500
40377	1012.3000
40378	652.1100
40379	506.7200
40380	636.8300
40463	972.5700
40464	489.8200
40466	576.2600
40469	533.0400
40470	755.4000
40471	616.2400
40253	805.0000
5412	250.0000
60094	1430.8600
62009	1390.2700
68727	961.0000
68897	2029.0000
68904	1849.0000
68913	1541.0000
74084	436.0000
74085	287.0000
76250	5400.0000
76431	1359.0000
76882	1719.0000
40264	930.0000
40263	1375.0000
40262	1670.0000
40261	1320.0000
40260	1120.0000
40259	780.0000
40258	825.0000
40257	1190.0000
40256	552.0000
40255	525.0000
40254	820.0000
40252	926.0000
101125	1483.0000
38369	750.0000
38367	857.0000
40291	342.0000
40297	939.0000
40295	964.0000
40298	1199.0000
40292	976.0000
40296	849.0000
40293	313.0000
38351	270.0000
38350	210.0000
38352	165.0000
38505	150.0000
38361	167.0000
38365	142.0000
38366	144.0000
38481	156.0000
38483	157.0000
39225	149.0000
39224	123.0000
39222	123.0000
39226	35.0000
39228	45.0000
167117	392.0000
168050	562.0000
168143	317.0000
38568	311.0000
38484	119.0000
39245	88.0000
39246	89.0000
39223	174.0000
39211	112.0000
40294	1594.0000
38359	2473.0000
38358	2273.0000
38364	1010.0000
38354	1179.0000
38360	1567.0000
38569	135.0000
26544	1125.0000
38349	270.0000
38504	163.0000
5426	245.0000
5425	266.0000
5424	840.0000
5422	177.0000
5421	525.0000
5420	600.0000
5419	770.0000
5417	600.0000
5416	665.0000
5415	553.0000
5411	241.0000
5410	232.0000
5409	583.0000
5408	1190.0000
5407	240.0000
5406	595.0000
5405	438.0000
5404	455.0000
5403	481.0000
5402	1120.0000
5401	320.0000
5400	220.0000
5399	555.0000
5398	205.0000
5397	195.0000
5396	333.0000
5394	280.0000
5393	175.0000
5391	184.0000
5388	158.0000
5386	208.0000
5385	235.0000
5384	579.0000
5383	343.0000
5382	198.0000
5381	224.0000
5380	441.0000
5379	548.0000
5378	235.0000
5375	259.0000
5374	305.0000
5373	150.0000
5372	263.0000
5371	130.0000
5368	336.0000
5367	280.0000
5366	469.0000
5365	205.0000
5364	336.0000
5362	270.0000
5360	334.0000
5357	368.0000
5356	352.0000
5355	289.0000
5354	215.0000
5353	155.0000
5352	193.0000
5350	425.0000
5349	595.0000
5348	294.0000
5346	476.0000
5345	320.0000
5344	280.0000
5343	648.0000
5341	347.0000
5339	150.0000
5337	595.0000
5335	219.0000
5334	507.0000
5333	270.0000
5332	240.0000
5331	315.0000
5329	369.0000
5327	278.0000
5326	385.0000
5324	543.0000
5323	150.0000
5321	686.0000
5320	313.0000
5319	455.0000
5316	390.0000
5315	175.0000
5314	345.0000
5313	665.0000
5312	240.0000
5309	186.0000
5308	166.0000
5307	453.0000
5304	525.0000
5303	245.0000
5302	553.0000
5301	403.0000
5300	205.0000
5298	175.0000
5297	210.0000
5294	495.0000
5293	504.0000
5291	341.0000
5290	252.0000
5289	245.0000
5288	235.0000
5287	320.0000
5286	595.0000
5284	770.0000
5283	232.0000
5282	320.0000
5281	623.0000
5279	546.0000
5278	315.0000
5277	115.0000
5276	201.0000
5274	616.0000
5273	303.0000
5272	205.0000
5271	333.0000
5270	130.0000
5269	481.0000
5268	425.0000
5267	348.0000
5266	173.0000
5265	599.0000
5264	410.0000
5262	236.0000
5261	320.0000
5260	225.0000
5259	205.0000
5258	294.0000
5257	280.0000
5255	155.0000
5254	229.0000
5252	455.0000
5251	273.0000
5250	165.0000
5248	595.0000
5247	155.0000
5246	443.0000
5245	327.0000
5240	310.0000
5239	315.0000
5238	530.0000
5237	243.0000
5236	229.0000
5234	583.0000
5232	263.0000
5231	385.0000
5230	333.0000
5228	200.0000
5227	246.0000
5226	385.0000
5225	200.0000
5224	155.0000
5222	135.0000
5221	296.0000
5220	306.0000
5219	215.0000
5218	298.0000
5217	95.0000
5215	546.0000
5214	200.0000
5213	287.0000
5212	243.0000
5209	263.0000
5208	215.0000
5207	390.0000
5206	628.0000
5205	408.0000
5203	183.0000
5202	327.0000
5201	227.0000
5200	212.0000
5199	600.0000
5198	280.0000
5197	180.0000
5196	618.0000
5195	455.0000
5194	225.0000
5193	362.0000
5192	175.0000
5191	150.0000
5189	483.0000
5188	184.0000
5187	560.0000
5186	198.0000
5185	145.0000
5183	565.0000
5182	306.0000
5181	170.0000
5180	364.0000
5178	152.0000
5177	770.0000
5176	241.0000
5175	285.0000
5174	495.0000
5171	255.0000
5170	155.0000
5169	135.0000
5168	250.0000
5066	200.0000
5065	495.0000
5064	504.0000
5063	613.0000
5062	686.0000
5061	399.0000
5060	683.0000
5059	225.0000
5058	145.0000
5057	273.0000
5056	263.0000
5055	665.0000
5053	525.0000
5052	460.0000
5051	579.0000
5047	243.0000
5046	502.0000
5045	455.0000
5043	595.0000
5041	150.0000
5040	175.0000
5039	875.0000
5038	553.0000
5037	477.0000
5166	138.0000
5165	152.0000
5163	525.0000
5162	125.0000
5161	236.0000
5155	336.0000
5135	518.0000
5131	160.0000
5128	588.0000
5127	313.0000
5126	420.0000
5125	385.0000
5124	245.0000
5123	565.0000
5122	301.0000
5121	170.0000
5120	130.0000
5118	665.0000
5117	653.0000
5115	230.0000
5113	210.0000
5111	334.0000
5110	299.0000
5109	404.0000
5108	257.0000
5107	179.0000
5103	1260.0000
5102	583.0000
5101	336.0000
5100	285.0000
5098	406.0000
5097	546.0000
5095	203.0000
5094	220.0000
5093	507.0000
5091	1295.0000
5090	455.0000
5089	350.0000
5088	413.0000
5085	504.0000
5084	518.0000
5083	420.0000
5082	229.0000
5081	805.0000
5080	271.0000
5079	425.0000
5078	240.0000
5077	266.0000
5075	329.0000
5074	264.0000
5073	364.0000
5072	406.0000
5071	623.0000
5070	455.0000
5067	369.0000
4363	240.0000
4362	240.0000
4368	180.0000
4344	155.0000
4372	145.0000
4385	145.0000
4366	130.0000
4377	240.0000
4350	130.0000
4358	130.0000
4355	130.0000
4346	220.0000
4349	520.0000
4359	295.0000
4361	295.0000
4380	250.0000
4356	490.0000
4369	240.0000
4360	245.0000
4339	245.0000
4345	240.0000
4379	450.0000
4351	300.0000
4348	205.0000
4340	198.0000
4352	170.0000
4353	170.0000
4367	345.0000
4370	375.0000
4343	300.0000
4383	360.0000
4375	305.0000
4382	270.0000
4376	262.0000
4371	262.0000
4374	210.0000
4373	210.0000
12524	24.8000
12523	26.2000
12522	32.5000
12520	109.0000
12515	26.0000
12513	156.5000
12511	89.6000
12508	114.4000
12507	84.4000
12506	42.0000
12505	33.5000
12502	22.7000
12501	46.0000
12500	29.5000
12498	44.0000
12497	23.5000
12496	32.5000
12495	152.0000
12494	104.8000
12493	100.4000
12490	62.0000
12487	64.4000
12484	110.0000
12483	102.0000
12481	94.0000
12478	155.2000
12477	23.5000
12476	23.5000
12475	27.5000
12471	17.8000
12468	210.5000
12466	23.5000
12465	72.0000
12464	27.3000
12463	87.2000
12462	149.2000
12460	128.0000
12459	86.0000
12457	23.5000
12456	27.5000
12455	19.1000
12453	24.0000
12452	32.8000
12451	67.6000
12450	22.9000
12448	88.0000
12447	22.5000
12445	88.0000
12444	88.0000
12443	28.4000
12442	16.9000
12441	25.5000
12440	78.0000
12439	23.5000
12438	86.0000
12628	43.3000
12626	41.7500
12625	25.1000
12624	36.1000
12623	41.8000
12622	38.3000
12621	34.3000
12620	35.0000
12618	30.8000
12615	37.3000
12614	44.8000
12611	121.2000
12610	86.0000
12606	36.8000
12605	34.3000
12603	94.0000
12602	31.7000
12600	49.0000
12598	107.2000
12597	26.0000
12596	26.0000
12595	128.0000
12594	162.4000
12593	27.7000
12591	118.0000
12589	34.3000
12588	93.2000
12585	138.4000
12584	153.0000
12582	31.7000
12581	160.5000
12579	26.2000
12578	45.5000
12577	97.6000
12576	30.1000
12574	125.2000
12573	42.1000
12569	54.8000
12568	97.6000
12567	113.6000
12566	182.5000
12563	25.1000
12562	40.6000
12561	74.0000
12560	100.4000
12559	164.0000
12558	26.8000
12555	31.3000
12553	198.0000
12552	176.5000
12551	145.5000
12549	85.2000
12548	25.1000
12547	98.0000
12545	100.4000
12544	38.8000
12542	174.0000
12541	27.7000
12540	104.0000
12537	26.0000
12534	87.2000
12532	19.4000
12529	209.0000
12528	106.0000
12527	24.0000
13280	27.3000
13279	44.0000
13277	188.0000
13276	41.6000
13272	29.5000
13270	46.3000
13268	246.5000
13267	194.0000
13266	239.0000
13264	287.5000
13262	102.0000
13260	148.0000
13259	43.3000
13258	92.0000
13256	94.0000
13255	164.0000
13254	44.2000
13253	30.5000
13252	25.5000
13249	25.5000
13247	27.5000
13244	18.5000
13243	164.4000
13242	125.5000
13240	458.0000
13239	49.1000
13238	96.0000
13236	164.0000
13234	29.5000
13233	27.3000
13232	94.0000
13231	102.0000
13228	26.0000
13226	27.3000
13225	106.0000
13224	33.9000
13222	29.5000
13221	25.5000
13220	32.5000
13219	110.0000
179071	430.0000
