order_id	schedule_sum	advance	base_grand_total
15716	450.00	10.0000	358.0000
15722	1160.00	100.0000	999.0000
15723	430.00	20.0000	347.0000
15725	1160.00	50.0000	959.0000
15726	1149.00	145.0000	1149.0000
55359	1000.00	40.0000	819.0000
55365	880.00	20.0000	709.0000
55370	870.00	50.0000	729.0000
55375	890.00	10.0000	709.0000
55379	310.00	10.0000	249.0000
55386	1070.00	30.0000	869.0000
55387	1200.00	60.0000	999.0000
55391	1280.00	50.0000	1048.0000
55396	330.00	10.0000	258.0000
55423	530.00	20.0000	429.0000
55433	2200.00	200.0000	1899.0000
55434	1080.00	10.0000	859.0000
55445	470.00	10.0000	379.0000
55448	660.00	10.0000	529.0000
55449	430.00	10.0000	349.0000
55450	510.00	20.0000	419.0000
55458	880.00	10.0000	699.0000
55467	880.00	20.0000	1369.0000
55468	480.00	20.0000	389.0000
55490	1000.00	20.0000	797.0000
55497	370.00	10.0000	299.0000
55504	710.00	10.0000	569.0000
55532	890.00	10.0000	709.0000
55541	390.00	10.0000	328.0000
55557	897.44	40.0000	744.0000
55573	1080.00	10.0000	858.0000
55598	1920.00	200.0000	1797.0000
55599	800.00	60.0000	679.0000
55604	750.00	50.0000	629.0000
55614	900.00	20.0000	729.0000
55617	700.00	20.0000	569.0000
55628	1500.00	100.0000	1269.0000
55639	800.00	20.0000	649.0000
55641	930.00	20.0000	749.0000
55649	1100.00	100.0000	949.0000
55652	840.00	20.0000	679.0000
55669	850.00	100.0000	749.0000
55672	2490.00	500.0000	2369.0000
55683	1840.00	200.0000	1619.0000
55684	1100.00	100.0000	949.0000
55694	1670.00	200.0000	1479.0000
55695	840.00	20.0000	679.0000
55706	600.00	20.0000	477.0000
55712	220.00	10.0000	179.0000
55728	450.00	10.0000	358.0000
55737	530.00	20.0000	429.0000
55742	300.00	10.0000	239.0000
55748	700.00	20.0000	569.0000
55754	880.00	10.0000	699.0000
55758	2560.00	300.0000	2979.0000
55763	2100.00	50.0000	1699.0000
55774	970.00	100.0000	849.0000
55775	864.00	96.0000	759.0000
55792	780.00	20.0000	629.0000
55795	1140.00	100.0000	979.0000
55818	1980.00	50.0000	2029.0000
55819	940.00	10.0000	749.0000
55829	810.00	10.0000	649.0000
55830	880.00	20.0000	709.0000
55838	1850.00	40.0000	1499.0000
55844	500.00	60.0000	439.0000
55858	870.00	20.0000	699.0000
55862	1570.00	150.0000	1358.0000
55871	840.00	20.0000	679.0000
55877	270.00	10.0000	219.0000
55880	380.00	10.0000	309.0000
55883	1230.00	10.0000	840.0000
55885	300.00	10.0000	239.0000
55896	1200.00	400.0000	1269.0000
55897	910.00	10.0000	799.0000
55906	1200.00	60.0000	999.0000
55909	260.00	10.0000	208.0000
55914	410.00	10.0000	329.0000
55920	2260.00	200.0000	1949.0000
55921	550.00	20.0000	449.0000
55930	480.00	20.0000	389.0000
55932	1540.00	100.0000	1299.0000
55942	880.00	20.0000	709.0000
55945	2350.00	100.0000	1938.0000
55953	2100.00	120.0000	1759.0000
55954	850.00	10.0000	679.0000
55961	750.00	100.0000	669.0000
55962	880.00	20.0000	1049.0000
55966	1330.00	10.0000	1059.0000
55971	700.00	20.0000	569.0000
55981	1100.00	60.0000	919.0000
55984	1590.00	200.0000	1419.0000
55988	220.00	10.0000	179.0000
55991	880.00	20.0000	709.0000
56004	490.00	10.0000	389.0000
56007	540.00	10.0000	429.0000
56027	850.00	20.0000	689.0000
56033	260.00	10.0000	209.0000
56036	405.00	65.0000	508.0000
56038	810.00	90.0000	709.0000
56048	1422.00	158.0000	1248.0000
56063	940.00	20.0000	759.0000
56074	981.00	109.0000	859.0000
56079	700.00	20.0000	569.0000
56082	450.00	20.0000	389.0000
56086	520.00	40.0000	380.0000
56092	1500.00	290.0000	1419.0000
56106	790.00	10.0000	629.0000
56114	440.00	10.0000	348.0000
56121	1790.00	100.0000	1499.0000
56123	585.00	65.0000	508.0000
56133	1080.00	20.0000	869.0000
56141	1134.00	126.0000	999.0000
56145	530.00	20.0000	429.0000
56157	2380.00	400.0000	2199.0000
56159	470.00	50.0000	409.0000
56161	594.00	66.0000	519.0000
56174	344.00	46.0000	358.0000
56176	220.00	10.0000	179.0000
56185	490.00	20.0000	398.0000
56197	2500.00	1990.0000	3559.0000
56200	850.00	20.0000	595.0000
56204	1490.00	150.0000	1299.0000
56223	1400.00	60.0000	1151.0000
56241	480.00	20.0000	389.0000
56254	950.00	10.0000	759.0000
56261	210.00	10.0000	169.0000
56265	1361.00	169.0000	1339.0000
56272	1160.00	100.0000	1199.0000
56273	1130.00	20.0000	1199.0000
56284	1200.00	60.0000	999.0000
56288	1500.00	100.0000	1269.0000
56290	1500.00	140.0000	1299.0000
56298	330.00	30.0000	278.0000
56305	410.00	10.0000	328.0000
56321	750.00	10.0000	599.0000
56334	660.00	50.0000	558.0000
56343	880.00	20.0000	709.0000
56344	1100.00	100.0000	949.0000
56345	1020.00	20.0000	819.0000
56351	520.00	10.0000	419.0000
56361	930.00	20.0000	749.0000
56362	1500.00	40.0000	1219.0000
56373	1500.00	120.0000	1279.0000
56376	480.00	20.0000	389.0000
56380	1200.00	60.0000	999.0000
56387	250.00	10.0000	229.0000
56393	1800.00	130.0000	1529.0000
56394	900.00	20.0000	729.0000
56404	1180.00	20.0000	949.0000
56413	270.00	20.0000	229.0000
56423	830.00	30.0000	678.0000
56428	2000.00	10.0000	1589.0000
56434	2310.00	100.0000	1816.0000
56449	1055.00	115.0000	1006.0000
56450	700.00	20.0000	495.0000
56455	1500.00	20.0000	1199.0000
56459	320.00	10.0000	259.0000
56464	600.00	30.0000	499.0000
56482	1200.00	60.0000	999.0000
56494	1440.00	50.0000	1178.0000
56496	800.00	20.0000	649.0000
56506	870.00	290.0000	919.0000
56518	1500.00	170.0000	1319.0000
56520	1610.00	100.0000	1348.0000
56521	800.00	60.0000	679.0000
56528	840.00	20.0000	679.0000
56532	410.00	10.0000	329.0000
56535	530.00	30.0000	439.0000
56541	700.00	20.0000	569.0000
56551	1190.00	10.0000	949.0000
56554	350.00	30.0000	459.0000
56561	1590.00	50.0000	1299.0000
56580	1000.00	40.0000	819.0000
56607	2010.00	100.0000	1669.0000
56609	320.00	10.0000	259.0000
56625	690.00	10.0000	548.0000
56630	900.00	50.0000	749.0000
56638	1130.00	150.0000	1009.0000
56640	2060.00	600.0000	2108.0000
56656	1760.00	50.0000	1429.0000
56675	1000.00	40.0000	819.0000
56676	1200.00	60.0000	999.0000
56689	1100.00	100.0000	936.0000
56711	500.00	10.0000	398.0000
56714	700.00	20.0000	619.0000
56716	800.00	60.0000	679.0000
56717	840.00	20.0000	679.0000
56720	900.00	20.0000	729.0000
56745	800.00	60.0000	679.0000
56749	1820.00	100.0000	1517.0000
56750	1500.00	100.0000	1269.0000
56753	2500.00	200.0000	2139.0000
56764	1500.00	140.0000	1299.0000
56769	1550.00	50.0000	1269.0000
56778	900.00	20.0000	789.0000
56780	700.00	20.0000	569.0000
56790	900.00	50.0000	1059.0000
56805	2200.00	70.0000	1798.0000
56806	2500.00	90.0000	2049.0000
56809	1630.00	150.0000	1458.0000
56812	850.00	10.0000	679.0000
56816	260.00	10.0000	209.0000
56819	1200.00	60.0000	999.0000
56823	650.00	10.0000	519.0000
56824	300.00	30.0000	258.0000
56853	580.00	20.0000	468.0000
56862	520.00	20.0000	369.0000
56864	900.00	50.0000	749.0000
56865	250.00	40.0000	228.0000
56868	960.00	100.0000	839.0000
56881	250.00	20.0000	209.0000
56883	1500.00	30.0000	1209.0000
56887	1310.00	20.0000	1049.0000
56890	1350.00	100.0000	995.0000
56897	500.00	20.0000	499.0000
56901	1100.00	60.0000	919.0000
56903	1180.00	100.0000	1009.0000
56917	450.00	20.0000	369.0000
56922	1100.00	160.0000	999.0000
56951	450.00	10.0000	358.0000
56953	310.00	10.0000	249.0000
56959	1340.00	50.0000	1099.0000
56967	1800.00	70.0000	1519.0000
56972	1050.00	50.0000	869.0000
57002	1200.00	60.0000	999.0000
57013	1200.00	60.0000	999.0000
57014	970.00	20.0000	779.0000
57020	1050.00	40.0000	859.0000
57024	940.00	20.0000	759.0000
57041	1200.00	90.0000	1019.0000
57043	890.00	10.0000	709.0000
57046	670.00	20.0000	470.0000
57066	700.00	20.0000	619.0000
57068	560.00	20.0000	459.0000
57069	880.00	20.0000	709.0000
57072	540.00	20.0000	439.0000
57079	2010.00	100.0000	1669.0000
57083	1500.00	140.0000	1299.0000
57084	930.00	20.0000	749.0000
57089	370.00	10.0000	299.0000
57092	800.00	20.0000	649.0000
57093	470.00	10.0000	379.0000
57094	460.00	10.0000	369.0000
57121	1000.00	70.0000	849.0000
57131	450.00	20.0000	369.0000
57132	1300.00	60.0000	1259.0000
57140	740.00	20.0000	599.0000
57158	850.00	10.0000	679.0000
57162	1240.00	20.0000	999.0000
57164	610.00	20.0000	499.0000
57168	400.00	10.0000	319.0000
57169	620.00	10.0000	487.0000
57170	230.00	10.0000	189.0000
57174	970.00	20.0000	779.0000
57176	840.00	20.0000	679.0000
57178	1730.00	150.0000	1295.0000
57179	470.00	10.0000	379.0000
57180	1100.00	60.0000	919.0000
57182	1710.00	100.0000	1429.0000
57183	1000.00	40.0000	819.0000
57187	590.00	20.0000	478.0000
57192	1350.00	60.0000	1119.0000
57196	1300.00	30.0000	1049.0000
57201	380.00	10.0000	309.0000
57206	930.00	20.0000	749.0000
57216	840.00	20.0000	679.0000
57220	710.00	10.0000	568.0000
57231	1240.00	20.0000	999.0000
57232	1950.00	80.0000	1609.0000
57245	240.00	10.0000	188.0000
57259	1180.00	20.0000	949.0000
57260	890.00	10.0000	709.0000
57264	1500.00	140.0000	1299.0000
57272	880.00	20.0000	709.0000
57278	1110.00	130.0000	979.0000
57286	330.00	10.0000	339.0000
57299	470.00	10.0000	379.0000
57300	510.00	20.0000	419.0000
57314	970.00	20.0000	779.0000
57328	840.00	50.0000	699.0000
57329	1270.00	20.0000	1019.0000
57339	730.00	20.0000	589.0000
57382	260.00	10.0000	209.0000
57387	670.00	20.0000	538.0000
57395	250.00	30.0000	219.0000
57405	1500.00	270.0000	1398.0000
57406	880.00	20.0000	709.0000
57422	540.00	20.0000	439.0000
57440	1450.00	150.0000	1269.0000
57456	1500.00	140.0000	1299.0000
57472	2190.00	200.0000	1889.0000
57489	1500.00	100.0000	1269.0000
57494	2840.00	300.0000	2489.0000
57495	730.00	20.0000	749.0000
57500	1360.00	20.0000	1089.0000
57503	1470.00	50.0000	1199.0000
57507	750.00	20.0000	609.0000
57508	709.00	1.0000	560.0000
57509	1500.00	100.0000	1269.0000
57516	350.00	10.0000	279.0000
57517	540.00	20.0000	439.0000
57525	1160.00	100.0000	999.0000
57537	1380.00	20.0000	1219.0000
57540	450.00	20.0000	369.0000
57547	900.00	50.0000	1059.0000
57558	750.00	50.0000	629.0000
57567	1500.00	140.0000	1299.0000
57568	400.00	10.0000	319.0000
57572	1200.00	40.0000	979.0000
57574	700.00	20.0000	565.0000
57579	1570.00	200.0000	1399.0000
57581	1910.00	200.0000	1669.0000
57588	850.00	10.0000	679.0000
57603	850.00	50.0000	709.0000
57614	1640.00	150.0000	1419.0000
57626	1200.00	40.0000	979.0000
57634	800.00	10.0000	639.0000
57635	890.00	10.0000	709.0000
57639	550.00	20.0000	449.0000
57641	1040.00	50.0000	859.0000
57667	320.00	10.0000	259.0000
57669	1500.00	100.0000	1269.0000
57682	350.00	10.0000	278.0000
57686	560.00	20.0000	448.0000
57687	340.00	10.0000	268.0000
57692	800.00	60.0000	679.0000
57696	1130.00	10.0000	899.0000
57697	950.00	10.0000	759.0000
57698	1830.00	300.0000	1689.0000
57701	1490.00	10.0000	1178.0000
57708	490.00	20.0000	399.0000
57713	2290.00	100.0000	1889.0000
57715	779.00	1.0000	615.0000
57717	400.00	10.0000	320.0000
57720	1500.00	140.0000	1299.0000
57723	900.00	40.0000	738.0000
57726	1530.00	600.0000	1689.0000
57739	480.00	20.0000	509.0000
57746	980.00	10.0000	779.0000
57749	550.00	10.0000	438.0000
57752	1500.00	20.0000	1199.0000
57757	330.00	20.0000	268.0000
57760	1250.00	40.0000	1019.0000
57761	1500.00	140.0000	1299.0000
57762	1500.00	140.0000	1299.0000
57768	610.00	10.0000	489.0000
57773	940.00	10.0000	749.0000
57777	930.00	20.0000	749.0000
57780	1500.00	140.0000	1299.0000
57786	1180.00	20.0000	949.0000
57789	500.00	10.0000	399.0000
57799	1230.00	30.0000	999.0000
57804	1210.00	30.0000	979.0000
57810	880.00	20.0000	709.0000
57811	1090.00	20.0000	880.0000
57817	940.00	10.0000	749.0000
57821	500.00	20.0000	519.0000
57830	570.00	10.0000	448.0000
57831	850.00	20.0000	689.0000
57836	650.00	40.0000	470.0000
57837	1260.00	30.0000	1019.0000
57840	1500.00	140.0000	1299.0000
57860	1170.00	50.0000	958.0000
57866	1150.00	10.0000	919.0000
57867	2500.00	20.0000	1999.0000
57870	900.00	20.0000	1049.0000
57872	1020.00	20.0000	819.0000
57892	900.00	50.0000	799.0000
57895	2060.00	300.0000	1869.0000
57897	1920.00	60.0000	2029.0000
57899	680.00	20.0000	549.0000
57900	2170.00	100.0000	1799.0000
57902	1500.00	60.0000	1228.0000
57912	400.00	20.0000	329.0000
57914	740.00	10.0000	589.0000
57922	1140.00	50.0000	949.0000
57951	1000.00	20.0000	809.0000
57952	1100.00	140.0000	979.0000
57969	2500.00	150.0000	2099.0000
57986	900.00	20.0000	729.0000
57990	550.00	20.0000	449.0000
57995	850.00	20.0000	689.0000
57998	819.00	1.0000	649.0000
58001	2100.00	120.0000	1759.0000
58003	1210.00	150.0000	1075.0000
58006	2000.00	10.0000	1590.0000
58009	1090.00	100.0000	939.0000
58012	420.00	20.0000	349.0000
58019	800.00	100.0000	709.0000
58021	1190.00	100.0000	1019.0000
58022	1000.00	20.0000	809.0000
58030	1500.00	470.0000	1559.0000
58039	630.00	20.0000	484.0000
58043	1020.00	20.0000	1016.0000
58045	380.00	10.0000	309.0000
58047	2170.00	100.0000	1799.0000
58048	1100.00	100.0000	949.0000
58055	1149.00	1.0000	910.0000
58058	800.00	60.0000	679.0000
58064	1000.00	20.0000	809.0000
58073	1100.00	100.0000	949.0000
58081	1050.00	20.0000	849.0000
58091	730.00	20.0000	590.0000
58097	1500.00	140.0000	1299.0000
58113	680.00	10.0000	538.0000
58118	1490.00	100.0000	1259.0000
58130	450.00	20.0000	369.0000
58141	870.00	50.0000	729.0000
58146	2000.00	40.0000	1619.0000
58149	270.00	10.0000	218.0000
58155	700.00	20.0000	569.0000
58158	1500.00	140.0000	1299.0000
58161	1500.00	100.0000	1269.0000
58165	570.00	20.0000	458.0000
58174	600.00	10.0000	479.0000
58176	1400.00	70.0000	1159.0000
58180	550.00	10.0000	439.0000
58188	1200.00	60.0000	999.0000
58206	580.00	20.0000	469.0000
58209	1200.00	60.0000	999.0000
58212	1270.00	10.0000	1009.0000
58216	310.00	10.0000	249.0000
58221	1150.00	50.0000	949.0000
58222	500.00	60.0000	439.0000
58234	1870.00	100.0000	1559.0000
58235	1420.00	220.0000	1359.0000
58250	400.00	20.0000	329.0000
58256	1790.00	100.0000	1499.0000
58257	1550.00	30.0000	1248.0000
58266	2590.00	350.0000	2538.0000
58268	2000.00	200.0000	1738.0000
58294	1170.00	30.0000	870.0000
58299	420.00	10.0000	339.0000
58307	1220.00	20.0000	979.0000
58320	1500.00	90.0000	1259.0000
58323	1270.00	30.0000	895.0000
58335	850.00	20.0000	689.0000
58340	1400.00	30.0000	1129.0000
58351	840.00	20.0000	679.0000
58363	1800.00	60.0000	1468.0000
58367	1080.00	20.0000	868.0000
58368	1500.00	30.0000	1209.0000
58369	1270.00	10.0000	1009.0000
58371	470.00	10.0000	379.0000
58373	1220.00	20.0000	979.0000
58375	670.00	10.0000	528.0000
58383	2100.00	160.0000	1788.0000
58385	840.00	20.0000	679.0000
58388	270.00	10.0000	218.0000
58397	940.00	10.0000	749.0000
58399	930.00	20.0000	749.0000
58409	880.00	20.0000	709.0000
58412	330.00	10.0000	269.0000
58413	850.00	10.0000	679.0000
58419	380.00	10.0000	309.0000
58427	1420.00	30.0000	995.0000
58435	1500.00	140.0000	1299.0000
58453	1450.00	30.0000	1419.0000
58459	250.00	10.0000	199.0000
58472	1740.00	100.0000	1459.0000
58476	1310.00	100.0000	1119.0000
58521	1870.00	100.0000	1559.0000
58541	930.00	20.0000	749.0000
58546	700.00	20.0000	495.0000
58555	2800.00	480.0000	2599.0000
58559	790.00	10.0000	629.0000
58582	2570.00	240.0000	2229.0000
58584	880.00	10.0000	699.0000
58585	1100.00	100.0000	949.0000
58594	1250.00	50.0000	1029.0000
58600	900.00	50.0000	799.0000
58613	1400.00	50.0000	1149.0000
58616	480.00	10.0000	377.0000
58622	410.00	10.0000	329.0000
58625	1940.00	100.0000	1619.0000
58653	1500.00	140.0000	1299.0000
58673	1690.00	100.0000	1419.0000
58677	1400.00	50.0000	1149.0000
58678	700.00	20.0000	569.0000
58687	280.00	10.0000	229.0000
58689	690.00	10.0000	555.0000
58692	1630.00	10.0000	1299.0000
58693	640.00	20.0000	519.0000
58696	1260.00	20.0000	1009.0000
58702	430.00	10.0000	319.0000
58707	370.00	20.0000	309.0000
58710	1100.00	100.0000	949.0000
58712	540.00	20.0000	439.0000
58714	1440.00	20.0000	1158.0000
58717	1180.00	20.0000	949.0000
58720	800.00	20.0000	649.0000
58741	1200.00	60.0000	999.0000
58751	650.00	20.0000	529.0000
58756	890.00	10.0000	697.0000
58798	1100.00	40.0000	899.0000
58805	1200.00	130.0000	1049.0000
58815	2500.00	290.0000	2209.0000
58823	1600.00	40.0000	1299.0000
58843	1180.00	20.0000	949.0000
58850	780.00	20.0000	629.0000
58856	1500.00	90.0000	1259.0000
58867	1200.00	60.0000	999.0000
58893	1370.00	150.0000	1199.0000
58905	450.00	30.0000	379.0000
58916	900.00	60.0000	759.0000
58922	1400.00	80.0000	1169.0000
58946	1200.00	30.0000	1057.0000
