d	f	reason	n
2026-09-01	4	დუბლირებული განაცხადი	4
2026-09-01	4	მოვალეთა რეესტრი	3
2026-09-01	4		2
2026-09-01	7	ვერ ვუკავშირდები	14
2026-09-01	7	მოვალეთა რეესტრი	1
2026-09-01	8	შეუსაბამო მონაცემები	2
2026-09-01	8	დასაფარია მიმდინარე	1
2026-09-02	4	დუბლირებული განაცხადი	22
2026-09-02	4	მოვალეთა რეესტრი	15
2026-09-02	4		1
2026-09-02	4	შეუსაბამო მონაცემები	1
2026-09-02	4	პროდუქციის არ ქონა	1
2026-09-02	4	სატესტო	1
2026-09-02	7	მოვალეთა რეესტრი	7
2026-09-02	7	დუბლირებული განაცხადი	3
2026-09-02	7	ვერ ვუკავშირდები	3
2026-09-02	7	პროდუქციის არ ქონა	1
2026-09-02	7		1
2026-09-02	8	შეუსაბამო მონაცემები	11
2026-09-02	8	დასაფარია მიმდინარე	2
2026-09-02	17	დუბლირებული განაცხადი	10
2026-09-03	4	მოვალეთა რეესტრი	17
2026-09-03	4	დუბლირებული განაცხადი	7
2026-09-03	4	ვერ ვუკავშირდები	2
2026-09-03	7	ვერ ვუკავშირდები	4
2026-09-03	7		2
2026-09-03	7	უნდა დაემატებოინა ნივთი მეთვიტონ დაგირეკავო მაგრამ არ პსუოხსბ	1
2026-09-03	7	შეუსაბამო მონაცემები	1
2026-09-03	7	მოვალეთა რეესტრი	1
2026-09-03	7	დუბლირებული განაცხადი	1
2026-09-03	7	გადახდისუუნარო	1
2026-09-03	8	შეუსაბამო მონაცემები	36
2026-09-03	8	დასაფარია მიმდინარე	4
2026-09-03	8	ხიშნიკი	2
2026-09-03	8	მოვალეთა რეესტრი	1
2026-09-03	8	დუბლირებული განაცხადი	1
2026-09-04	4	მოვალეთა რეესტრი	15
2026-09-04	4	დუბლირებული განაცხადი	10
2026-09-04	4	გადახდისუუნარო	2
2026-09-04	4	ვერ ვუკავშირდები	1
2026-09-04	7	დუბლირებული განაცხადი	6
2026-09-04	7	შეუსაბამო მონაცემები	2
2026-09-04	7	პროდუქციის არ ქონა	2
2026-09-04	7	ვერ ვუკავშირდები	1
2026-09-04	7		1
2026-09-04	8	შეუსაბამო მონაცემები	32
2026-09-04	8	დასაფარია მიმდინარე	8
2026-09-04	8	პროდუქციის არ ქონა	1
2026-09-04	8	მოვალეთა რეესტრი	1
2026-09-04	15	დასაფარია მიმდინარე	1
2026-09-04	15	ვერ ვუკავშირდები ჩანაწერიც არააა	1
2026-09-04	16	დუბლირებული განაცხადი	1
2026-09-05	4	მოვალეთა რეესტრი	22
2026-09-05	4	დუბლირებული განაცხადი	22
2026-09-05	4	ვერ ვუკავშირდები	8
2026-09-05	7	დუბლირებული განაცხადი	3
2026-09-05	7	ვერ ვუკავშირდები	2
2026-09-05	8	შეუსაბამო მონაცემები	18
2026-09-05	8	დასაფარია მიმდინარე	1
2026-09-05	8	ხიშნიკი	1
2026-09-05	9	ვერ ვუკავშირდები	1
2026-09-05	15		1
2026-09-07	4	მოვალეთა რეესტრი	39
2026-09-07	4	დუბლირებული განაცხადი	23
2026-09-07	4	ვერ ვუკავშირდები	8
2026-09-07	4	შეუსაბამო მონაცემები	2
2026-09-07	4	გადახდისუუნარო	1
2026-09-07	4	უკვე შევსებული აქვს	1
2026-09-07	4	ღირებულება ტელევიზორის ერთიანი გადახდით არის 4 049 ₾ და ავანსს მიწერს 4980ლარს, 	1
2026-09-07	7	ვერ ვუკავშირდები	8
2026-09-07	7	დუბლირებული განაცხადი	4
2026-09-07	7	არ პასუხოსბ	3
2026-09-07	8	შეუსაბამო მონაცემები	24
2026-09-07	8	დასაფარია მიმდინარე	8
2026-09-07	8	გადახდისუუნარო	6
2026-09-07	8	ხიშნიკი	5
2026-09-07	8	მოვალეთა რეესტრი	2
2026-09-07	9	ვერ ვუკავშირდები	2
2026-09-08	4	დუბლირებული განაცხადი	30
2026-09-08	4	მოვალეთა რეესტრი	24
2026-09-08	4	ვერ ვუკავშირდები	13
2026-09-08	4		10
2026-09-08	4	პროდუქციის არ ქონა	1
2026-09-08	4	შეუსაბამო მონაცემები	1
2026-09-08	7	ვერ ვუკავშირდები	6
2026-09-08	7	დუბლირებული განაცხადი	3
2026-09-08	7	შეუსაბამო მონაცემები	2
2026-09-08	8	შეუსაბამო მონაცემები	24
2026-09-08	8	გადახდისუუნარო	8
2026-09-08	8	ხიშნიკი	6
2026-09-08	8	დასაფარია მიმდინარე	3
2026-09-08	8	კანალიზაციის სუნის გასაქრობად უნდოდა რეკომენდაციას ვერ გავცემთ ამიტომ უქმდება	1
2026-09-08	8	მოვალეთა რეესტრი	1
2026-09-08	9	დუბლირებული განაცხადი	1
2026-09-08	10		2
2026-09-08	15	შეუსაბამო მონაცემები	2
2026-09-08	15	ვერ ვუკავშირდები	1
2026-09-08	16	პროდუქციის არ ქონა	2
2026-09-08	16	დუბლირებული განაცხადი	1
2026-09-08	16		1
2026-09-09	4	დუბლირებული განაცხადი	32
2026-09-09	4	მოვალეთა რეესტრი	21
2026-09-09	4	ვერ ვუკავშირდები	15
2026-09-09	4	პროდუქციის არ ქონა	2
2026-09-09	4	დასაფარია მიმდინარე	1
2026-09-09	4	შეუსაბამო მონაცემები	1
2026-09-09	7	ვერ ვუკავშირდები	7
2026-09-09	7	დუბლირებული განაცხადი	1
2026-09-09	8	შეუსაბამო მონაცემები	22
2026-09-09	8	დასაფარია მიმდინარე	11
2026-09-09	8	ხიშნიკი	6
2026-09-09	8	გადახდისუუნარო	5
2026-09-09	11	ვერ ვუკავშირდები	1
2026-09-09	15	ვერ ვუკავშირდები	1
