d	n	amount	price	term_sum	adv_n	adv_sum	seg_a
2025-01-06	8	8484.47	8590.00	80	0	0.00	1
2025-01-08	13	14949.62	15350.00	119	0	0.00	1
2025-01-09	15	16198.96	18060.00	137	0	0.00	2
2025-01-10	13	13283.62	15600.00	124	0	0.00	1
2025-01-11	9	10869.04	11670.00	81	0	0.00	3
2025-01-13	10	12030.78	12500.00	100	0	0.00	1
2025-01-14	7	6455.32	8330.00	56	0	0.00	0
2025-01-15	10	10149.85	11270.00	96	0	0.00	0
2025-01-16	10	12387.49	12490.00	95	0	0.00	0
2025-01-17	6	8178.06	8580.00	61	0	0.00	0
2025-01-18	4	2821.10	5500.00	27	0	0.00	1
2025-01-20	14	14871.00	17530.00	120	0	0.00	0
2025-01-21	7	7067.44	7250.00	67	0	0.00	1
2025-01-22	10	11003.00	11920.00	100	0	0.00	1
2025-01-23	11	12868.69	14190.00	97	0	0.00	1
2025-01-24	15	18727.32	20850.00	148	0	0.00	2
2025-01-25	2	3450.00	3450.00	20	0	0.00	0
2025-01-27	11	11389.35	12560.00	106	0	0.00	1
2025-01-28	10	12968.74	13350.00	96	0	0.00	3
2025-01-29	13	10831.97	14190.00	111	0	0.00	1
2025-01-30	13	13169.31	14250.00	120	0	0.00	1
2025-01-31	9	10043.24	10680.00	91	0	0.00	1
2025-02-01	6	6342.24	6710.00	56	0	0.00	0
2025-02-03	14	22341.55	26380.00	126	0	0.00	4
2025-02-04	8	8613.74	9330.00	77	0	0.00	0
2025-02-05	8	9804.92	13160.00	70	0	0.00	2
2025-02-06	10	10422.64	11530.00	91	0	0.00	2
2025-02-07	7	8141.48	9040.00	66	0	0.00	1
2025-02-08	3	2265.00	2270.00	22	0	0.00	0
2025-02-10	12	10680.04	12040.00	84	0	0.00	1
2025-02-11	20	21347.39	22830.00	177	0	0.00	1
2025-02-12	10	10083.12	10730.00	89	0	0.00	0
2025-02-13	14	17714.25	20910.00	124	0	0.00	1
2025-02-14	12	9624.84	11650.00	100	0	0.00	1
2025-02-15	12	13370.00	13870.00	111	0	0.00	1
2025-02-17	10	8771.57	9730.00	89	0	0.00	1
2025-02-18	12	13161.40	18990.00	102	0	0.00	2
2025-02-19	7	6422.52	8300.00	65	0	0.00	0
2025-02-20	12	11021.72	11260.00	110	0	0.00	1
2025-02-21	8	9667.20	11150.00	59	0	0.00	2
2025-02-22	6	5149.37	6060.00	52	0	0.00	0
2025-02-24	12	11304.62	13440.00	94	0	0.00	1
2025-02-25	18	17625.97	17770.00	161	0	0.00	1
2025-02-26	12	12487.07	14240.00	115	0	0.00	1
2025-02-27	9	10589.84	11110.00	84	0	0.00	2
2025-02-28	10	9103.29	12940.00	90	0	0.00	2
2025-03-04	11	14751.97	15420.00	91	0	0.00	3
2025-03-05	16	18796.99	19830.00	140	0	0.00	1
2025-03-06	13	17168.00	17900.00	125	0	0.00	2
2025-03-07	11	9525.72	9780.00	108	0	0.00	0
2025-03-10	12	11824.42	14250.00	110	0	0.00	0
2025-03-11	13	12465.27	13720.00	117	0	0.00	0
2025-03-12	10	11230.56	14410.00	85	0	0.00	1
2025-03-13	12	12159.02	12780.00	115	0	0.00	1
2025-03-14	4	3531.94	3660.00	36	0	0.00	0
2025-03-15	5	3505.54	3770.00	43	0	0.00	0
2025-03-17	10	15848.66	16190.00	90	0	0.00	2
2025-03-18	11	13425.56	14450.00	101	0	0.00	1
2025-03-19	5	7986.82	8810.00	36	0	0.00	1
2025-03-20	13	12098.59	15080.00	104	0	0.00	3
2025-03-21	7	6579.39	7580.00	62	0	0.00	0
2025-03-22	10	9877.30	11790.00	98	0	0.00	1
2025-03-24	9	9237.34	9760.00	84	0	0.00	2
2025-03-25	10	9573.60	10840.00	98	0	0.00	0
2025-03-26	7	12060.00	13130.00	62	0	0.00	2
2025-03-27	10	11504.00	13050.00	89	0	0.00	0
2025-03-28	7	5876.22	7060.00	65	0	0.00	0
2025-03-29	3	2948.47	3620.00	25	0	0.00	0
2025-03-31	8	11242.41	12100.00	80	0	0.00	2
2025-04-01	14	19147.95	20570.00	133	0	0.00	3
2025-04-02	6	11250.98	12310.00	58	0	0.00	2
2025-04-03	9	13589.43	14310.00	89	0	0.00	2
2025-04-04	10	7401.51	11840.00	78	0	0.00	0
2025-04-05	4	1903.13	4430.00	19	0	0.00	0
2025-04-07	10	11084.32	12790.00	98	0	0.00	1
2025-04-08	13	13938.11	16020.00	129	0	0.00	0
2025-04-10	13	10235.20	16000.00	107	0	0.00	1
2025-04-11	9	8110.88	9390.00	79	0	0.00	1
2025-04-12	3	3635.00	3860.00	29	0	0.00	0
2025-04-14	7	8597.40	8690.00	63	0	0.00	2
2025-04-15	14	13902.97	16150.00	136	0	0.00	3
2025-04-16	8	11432.95	12370.00	80	0	0.00	1
2025-04-17	4	3572.36	3580.00	33	0	0.00	0
2025-04-22	5	4504.00	5240.00	42	0	0.00	1
2025-04-23	9	9737.24	10550.00	85	0	0.00	2
2025-04-24	9	10366.82	10500.00	85	0	0.00	0
2025-04-25	13	15907.45	19750.00	111	0	0.00	2
2025-04-26	2	3592.44	4120.00	20	0	0.00	1
2025-04-28	10	11792.32	12980.00	89	0	0.00	2
2025-04-29	13	12853.30	13490.00	122	0	0.00	0
2025-04-30	9	12261.51	15190.00	78	0	0.00	1
2025-05-01	11	12323.83	13020.00	105	0	0.00	1
2025-05-02	7	5677.02	7090.00	71	0	0.00	0
2025-05-03	7	10292.68	12400.00	70	0	0.00	2
2025-05-05	12	14071.20	16650.00	112	0	0.00	2
2025-05-06	14	19203.00	21310.00	137	0	0.00	3
2025-05-07	6	8347.72	8630.00	60	0	0.00	0
2025-05-08	4	3210.00	3310.00	32	0	0.00	0
2025-05-09	5	3677.08	3900.00	50	0	0.00	0
2025-05-13	13	16736.31	17230.00	122	0	0.00	0
2025-05-14	13	12814.23	13710.00	116	0	0.00	1
2025-05-15	7	8130.29	10760.00	51	0	0.00	0
2025-05-16	6	7241.75	7350.00	57	0	0.00	0
2025-05-17	5	4743.42	5650.00	50	0	0.00	1
2025-05-19	7	10374.84	11000.00	70	0	0.00	1
2025-05-20	12	12515.05	13360.00	117	0	0.00	0
2025-05-21	15	20765.24	21250.00	143	0	0.00	2
2025-05-22	11	13726.44	15860.00	108	0	0.00	1
2025-05-23	8	7833.25	8170.00	71	0	0.00	1
2025-05-24	4	3934.30	4040.00	40	0	0.00	0
2025-05-27	17	18593.20	20030.00	137	0	0.00	0
2025-05-28	8	10684.00	11030.00	78	0	0.00	0
2025-05-29	12	12877.26	13730.00	101	0	0.00	1
2025-05-30	5	6200.00	6640.00	39	0	0.00	0
2025-05-31	2	3395.00	4120.00	14	0	0.00	1
2025-06-02	9	9988.00	10910.00	80	0	0.00	0
2025-06-03	16	21100.58	22650.00	142	0	0.00	2
2025-06-04	13	15528.18	16740.00	103	0	0.00	2
2025-06-05	9	8264.03	8610.00	90	0	0.00	1
2025-06-06	12	15917.54	18380.00	111	0	0.00	1
2025-06-07	4	3376.08	3690.00	40	0	0.00	0
2025-06-09	8	10613.45	11050.00	80	0	0.00	1
2025-06-10	13	12236.98	12980.00	124	0	0.00	0
2025-06-11	9	12320.77	13190.00	90	0	0.00	1
2025-06-12	13	24477.31	25200.00	118	0	0.00	3
2025-06-13	9	9578.00	10770.00	84	0	0.00	0
2025-06-14	5	8179.45	8760.00	50	0	0.00	1
2025-06-16	6	8438.00	8840.00	53	0	0.00	0
2025-06-17	7	9178.41	9530.00	70	0	0.00	0
2025-06-18	11	11359.00	14060.00	86	0	0.00	0
2025-06-19	8	13285.00	15450.00	74	0	0.00	3
2025-06-20	6	6718.34	7120.00	60	0	0.00	0
2025-06-21	7	6135.00	6890.00	67	0	0.00	0
2025-06-23	12	13863.59	18640.00	114	0	0.00	2
2025-06-24	9	7863.90	8210.00	86	0	0.00	0
2025-06-25	14	15169.38	17000.00	136	0	0.00	1
2025-06-26	6	10212.00	10830.00	56	0	0.00	2
2025-06-27	7	8678.25	8750.00	70	0	0.00	1
2025-06-28	5	4328.00	5020.00	40	0	0.00	0
2025-06-30	11	8524.66	9280.00	106	0	0.00	0
2025-07-01	12	10218.22	10670.00	108	0	0.00	1
2025-07-02	10	11260.16	11710.00	92	0	0.00	0
2025-07-03	11	12580.94	14360.00	97	0	0.00	1
2025-07-04	11	10542.07	11960.00	97	0	0.00	1
2025-07-05	4	3591.74	3950.00	40	0	0.00	0
2025-07-07	14	15316.31	16390.00	129	0	0.00	2
2025-07-08	13	13879.00	14515.00	104	0	0.00	2
2025-07-09	9	10165.80	10420.00	84	0	0.00	2
2025-07-10	10	9803.04	9970.00	92	0	0.00	0
2025-07-11	13	13686.77	14860.00	117	0	0.00	2
2025-07-12	11	10087.88	10930.00	98	0	0.00	0
2025-07-14	15	20222.47	20380.00	155	0	0.00	1
2025-07-15	22	23284.15	24580.00	208	0	0.00	1
2025-07-16	17	16566.28	17290.00	164	0	0.00	2
2025-07-17	16	19687.48	21220.00	149	0	0.00	3
2025-07-18	7	4882.88	5130.00	70	0	0.00	2
2025-07-19	2	3503.02	3620.00	20	0	0.00	1
2025-07-21	13	18549.91	18740.00	135	0	0.00	2
2025-07-22	18	24866.00	25510.00	175	0	0.00	1
2025-07-23	14	19040.31	20680.00	144	0	0.00	2
2025-07-24	13	17402.22	19140.00	122	0	0.00	1
2025-07-25	12	16420.48	17390.00	110	0	0.00	3
2025-07-26	2	1175.00	1270.00	20	0	0.00	0
2025-07-28	12	16833.99	17360.00	114	0	0.00	3
2025-07-29	12	16360.39	17410.00	117	0	0.00	2
2025-07-30	9	12928.00	12950.00	86	0	0.00	1
2025-07-31	3	6602.64	6880.00	30	0	0.00	2
2025-08-01	4	7167.00	10710.00	35	0	0.00	3
2025-08-02	4	6637.56	7480.00	40	0	0.00	1
2025-08-04	10	10689.79	11580.00	96	0	0.00	2
2025-08-05	14	17228.60	18660.00	131	0	0.00	1
2025-08-06	11	12721.09	13750.00	106	0	0.00	1
2025-08-07	10	10922.23	13730.00	91	0	0.00	2
2025-08-08	6	8025.30	9500.00	60	0	0.00	0
2025-08-09	3	3229.73	3360.00	29	0	0.00	0
2025-08-11	5	6929.30	8640.00	42	0	0.00	0
2025-08-12	3	3026.00	4790.00	23	0	0.00	0
2025-08-13	5	5082.73	5420.00	46	0	0.00	0
2025-08-14	1	2367.00	3310.00	10	0	0.00	1
2025-08-15	7	8676.33	9130.00	60	0	0.00	2
2025-08-18	7	7820.00	8400.00	66	0	0.00	0
2025-08-19	6	4009.84	4270.00	48	0	0.00	0
2025-08-20	4	7175.93	7600.00	40	0	0.00	0
2025-08-21	6	7461.77	7750.00	60	0	0.00	2
2025-08-22	5	5376.63	5740.00	50	0	0.00	3
2025-08-25	5	4365.00	4550.00	46	0	0.00	2
2025-08-26	7	8386.00	9090.00	66	0	0.00	2
2025-08-27	8	11163.53	11760.00	80	0	0.00	1
2025-08-29	7	7245.10	7540.00	69	0	0.00	0
2025-09-01	14	17657.44	18510.00	133	0	0.00	3
2025-09-02	8	12412.73	13000.00	74	0	0.00	1
2025-09-03	9	16278.67	16800.00	89	0	0.00	2
2025-09-04	3	6265.24	5960.00	31	0	0.00	1
2025-09-05	7	5641.78	5940.00	70	0	0.00	1
2025-09-08	13	15006.13	16240.00	132	0	0.00	1
2025-09-09	3	9738.57	10520.00	30	0	0.00	3
2025-09-10	3	2284.56	2470.00	30	0	0.00	0
2025-09-11	4	6501.12	7060.00	43	0	0.00	0
2025-09-12	11	11991.39	12540.00	95	0	0.00	0
2025-09-15	13	12018.14	14560.00	117	0	0.00	2
2025-09-16	11	13644.23	15680.00	110	0	0.00	1
2025-09-17	8	12506.04	12960.00	80	0	0.00	2
2025-09-18	7	8252.00	8820.00	62	0	0.00	1
2025-09-19	5	8620.00	9200.00	50	0	0.00	1
2025-09-22	16	20747.49	21200.00	160	0	0.00	3
2025-09-23	11	11473.44	13210.00	101	0	0.00	2
2025-09-24	10	11545.92	12770.00	83	0	0.00	2
2025-09-25	9	12465.39	12590.00	90	0	0.00	1
2025-09-26	12	11453.00	12400.00	112	0	0.00	1
2025-09-29	16	18177.63	20260.00	151	0	0.00	2
2025-09-30	16	18716.04	19310.00	160	0	0.00	1
2025-10-01	4	8355.00	8490.00	40	0	0.00	1
2025-10-02	6	7011.96	7660.00	55	0	0.00	0
2025-10-03	8	7106.30	7400.00	73	0	0.00	1
2025-10-06	13	14352.00	14810.00	138	0	0.00	1
2025-10-07	15	14245.12	14860.00	144	0	0.00	2
2025-10-08	8	10370.00	10700.00	80	0	0.00	1
2025-10-09	9	10900.49	11270.00	91	0	0.00	2
2025-10-10	10	10565.78	11340.00	99	0	0.00	1
2025-10-13	11	11295.33	14250.00	101	0	0.00	4
2025-10-15	13	17415.87	18410.00	121	0	0.00	5
2025-10-16	9	12500.44	12880.00	82	0	0.00	0
2025-10-17	8	12940.97	13730.00	81	0	0.00	1
2025-10-20	13	15297.88	16410.00	130	0	0.00	3
2025-10-21	13	15571.72	17040.00	121	0	0.00	2
2025-10-22	3	6020.52	6380.00	30	0	0.00	1
2025-10-23	3	3750.00	3790.00	28	0	0.00	0
2025-10-24	7	8592.10	8780.00	68	0	0.00	0
2025-10-27	12	14976.31	15400.00	116	0	0.00	2
2025-10-28	11	10807.73	12380.00	100	0	0.00	1
2025-10-29	11	11370.11	11940.00	107	0	0.00	3
2025-10-30	13	15836.67	16790.00	133	0	0.00	6
2025-10-31	7	6297.50	6900.00	70	0	0.00	3
2025-11-03	13	12932.42	13830.00	123	0	0.00	3
2025-11-04	13	17951.85	18848.00	123	0	0.00	1
2025-11-05	10	12662.41	12840.00	95	0	0.00	1
2025-11-06	15	21834.57	23370.00	144	0	0.00	3
2025-11-07	22	25679.30	27430.00	206	0	0.00	2
2025-11-08	8	9826.12	10350.00	79	0	0.00	1
2025-11-10	14	18214.03	19430.00	140	0	0.00	3
2025-11-11	16	20803.00	22450.00	150	0	0.00	4
2025-11-12	16	16125.91	16390.00	149	0	0.00	2
2025-11-13	12	11160.23	12040.00	111	0	0.00	1
2025-11-14	18	23651.01	25860.00	168	0	0.00	5
2025-11-15	6	7730.08	8240.00	60	0	0.00	3
2025-11-16	1	1720.00	1950.00	10	0	0.00	0
2025-11-17	10	11840.17	13350.00	89	0	0.00	2
2025-11-18	17	18232.77	19170.00	163	0	0.00	4
2025-11-19	16	22010.61	24680.00	142	0	0.00	4
2025-11-20	18	27440.94	29340.00	171	0	0.00	5
2025-11-21	20	21750.99	24500.00	190	0	0.00	5
2025-11-24	12	16026.43	16830.00	110	0	0.00	5
2025-11-25	11	16293.38	16330.00	112	0	0.00	2
2025-11-26	18	19349.37	20464.00	170	0	0.00	3
2025-11-27	15	18164.20	19790.00	150	0	0.00	3
2025-11-28	19	23103.91	24450.00	171	0	0.00	6
2025-12-01	16	23493.28	24840.00	161	0	0.00	7
2025-12-02	23	27132.72	30700.00	218	0	0.00	4
2025-12-03	15	19272.83	20780.00	141	0	0.00	3
2025-12-04	17	21743.77	23060.00	161	0	0.00	2
2025-12-05	12	17600.00	19360.00	116	0	0.00	4
2025-12-08	23	30005.47	32770.00	216	0	0.00	5
2025-12-09	14	17210.54	17910.00	140	0	0.00	2
2025-12-10	15	20909.02	21330.00	141	0	0.00	7
2025-12-11	15	20489.86	21140.00	144	0	0.00	7
2025-12-12	13	23956.33	25610.00	115	0	0.00	3
2025-12-15	10	13456.85	13870.00	96	0	0.00	2
2025-12-16	23	23934.24	25950.00	225	0	0.00	4
2025-12-17	24	31480.44	33560.00	225	0	0.00	4
2025-12-18	21	19304.91	21625.00	187	0	0.00	7
2025-12-19	18	17170.58	18560.00	157	0	0.00	0
2025-12-22	30	38682.89	40640.00	300	0	0.00	8
2025-12-23	33	35451.70	38339.00	305	0	0.00	7
2025-12-24	40	46300.87	51215.00	345	0	0.00	6
2025-12-25	43	46944.04	48680.00	410	0	0.00	12
2025-12-26	33	38355.61	39255.00	319	0	0.00	10
2025-12-27	10	11469.08	11610.00	107	0	0.00	1
2025-12-29	41	53461.39	57250.00	398	0	0.00	12
2025-12-30	22	27664.74	28780.00	215	0	0.00	7
2025-12-31	16	22785.04	23840.00	149	0	0.00	5
2026-01-05	36	36454.32	39765.00	334	0	0.00	6
2026-01-06	18	28275.45	29160.00	176	0	0.00	9
2026-01-08	21	18979.00	20040.00	182	0	0.00	1
2026-01-09	2	1322.00	1440.00	16	0	0.00	0
2026-01-10	33	41076.50	43145.00	303	0	0.00	13
2026-01-11	11	8761.87	10685.00	97	0	0.00	3
2026-01-12	17	24148.82	24440.00	175	0	0.00	5
2026-01-13	37	61889.30	64435.00	378	0	0.00	15
2026-01-14	27	31876.23	32810.00	252	0	0.00	5
2026-01-15	29	37398.14	38765.00	263	0	0.00	8
2026-01-16	18	19389.11	19905.00	176	0	0.00	3
2026-01-17	11	16042.54	17210.00	105	0	0.00	4
2026-01-18	15	22306.79	23985.00	140	0	0.00	5
2026-01-20	20	25603.44	26540.00	186	0	0.00	4
2026-01-21	27	30657.07	33730.00	250	0	0.00	4
2026-01-22	17	20531.18	21280.00	159	0	0.00	3
2026-01-23	31	29744.24	30870.00	273	0	0.00	2
2026-01-24	15	15747.88	16760.00	140	0	0.00	3
2026-01-25	11	11643.22	12270.00	93	0	0.00	1
2026-01-26	20	21336.54	24960.00	171	0	0.00	6
2026-01-27	30	34881.84	35400.00	295	0	0.00	9
2026-01-28	20	20120.54	20660.00	189	0	0.00	8
2026-01-29	20	37177.67	39030.00	193	0	0.00	10
2026-01-30	22	26832.72	27780.00	205	0	0.00	8
2026-01-31	26	32625.40	37350.00	237	0	0.00	9
2026-02-01	14	15774.60	16920.00	131	0	0.00	4
2026-02-02	18	22500.41	23340.00	169	0	0.00	7
2026-02-03	26	32543.17	33970.00	224	0	0.00	14
2026-02-04	30	39411.68	42095.00	286	0	0.00	12
2026-02-05	15	23967.34	24690.00	148	0	0.00	9
2026-02-06	22	24374.96	25010.00	212	0	0.00	8
2026-02-07	20	23842.05	24590.00	191	0	0.00	9
2026-02-08	11	11427.84	11730.00	101	0	0.00	4
2026-02-09	29	31972.91	32890.00	281	0	0.00	14
2026-02-10	28	45506.62	48460.00	273	0	0.00	8
2026-02-11	24	35297.84	37560.00	235	0	0.00	11
2026-02-12	14	31287.98	32470.00	135	0	0.00	10
2026-02-13	12	12440.00	13030.00	107	0	0.00	7
2026-02-14	13	15263.99	15780.00	128	0	0.00	5
2026-02-15	11	9568.66	9610.00	108	0	0.00	2
2026-02-16	22	22098.53	22704.00	205	0	0.00	8
2026-02-17	15	12616.45	13100.00	147	0	0.00	4
2026-02-18	25	32992.90	33930.00	239	0	0.00	9
2026-02-19	17	21310.95	21490.00	155	0	0.00	4
2026-02-20	19	20718.83	21540.00	189	0	0.00	7
2026-02-21	18	23917.64	24120.00	176	0	0.00	5
2026-02-22	30	30237.73	31530.00	290	0	0.00	9
2026-02-23	32	34655.71	35780.00	300	0	0.00	10
2026-02-24	24	21762.54	22170.00	229	0	0.00	8
2026-02-25	24	26527.38	27700.00	225	0	0.00	6
2026-02-26	32	37015.58	38790.00	299	0	0.00	15
2026-02-27	24	26141.30	27200.00	238	0	0.00	9
2026-02-28	35	40972.60	41480.00	344	0	0.00	14
2026-03-01	13	14640.56	14860.00	121	0	0.00	4
2026-03-02	23	27653.61	28120.00	225	0	0.00	9
2026-03-04	28	33881.90	36250.00	255	0	0.00	10
2026-03-05	27	30803.00	31545.00	243	0	0.00	9
2026-03-06	25	32923.34	36060.00	238	0	0.00	8
2026-03-07	12	12290.01	12460.00	117	0	0.00	4
2026-03-09	37	47026.68	48470.00	366	0	0.00	10
2026-03-10	24	24703.69	25520.00	233	0	0.00	10
2026-03-11	36	50965.30	51500.00	355	0	0.00	14
2026-03-12	42	51803.83	54290.00	404	0	0.00	17
2026-03-13	23	23445.36	24150.00	222	0	0.00	7
2026-03-14	18	19423.40	19980.00	174	0	0.00	6
2026-03-15	12	16934.95	17020.00	117	0	0.00	2
2026-03-16	24	24706.60	25450.00	236	0	0.00	5
2026-03-17	22	34493.55	36230.00	196	0	0.00	11
2026-03-18	25	33440.73	33850.00	244	0	0.00	12
2026-03-19	32	45738.40	47420.00	301	0	0.00	12
2026-03-20	45	61427.81	63530.00	445	0	0.00	19
2026-03-21	17	19763.16	20320.00	170	0	0.00	5
2026-03-22	14	15281.26	15860.00	134	0	0.00	4
2026-03-23	27	34321.56	35390.00	264	0	0.00	11
2026-03-24	34	38058.49	38900.00	340	0	0.00	12
2026-03-25	29	33529.72	34200.00	278	0	0.00	11
2026-03-26	28	31284.47	31550.00	268	0	0.00	6
2026-03-27	20	19283.35	19920.00	194	0	0.00	5
2026-03-28	21	22146.03	22850.00	206	0	0.00	4
2026-03-29	20	18996.22	19490.00	196	0	0.00	7
2026-03-30	36	50390.18	50930.00	356	0	0.00	14
2026-03-31	13	16943.03	17690.00	121	0	0.00	7
2026-04-01	42	42928.87	45135.00	395	0	0.00	9
2026-04-02	15	21130.55	21620.00	149	0	0.00	5
2026-04-03	25	24834.58	25540.00	245	0	0.00	4
2026-04-04	14	13775.03	13970.00	130	0	0.00	5
2026-04-05	10	10352.73	10660.00	100	0	0.00	0
2026-04-06	25	42907.74	43820.00	244	0	0.00	12
2026-04-07	27	26530.61	27000.00	249	0	0.00	4
2026-04-08	17	17521.47	17950.00	159	0	0.00	6
2026-04-09	17	21336.15	21760.00	166	0	0.00	6
2026-04-10	10	10475.42	10600.00	92	0	0.00	2
2026-04-11	4	5506.00	5520.00	40	0	0.00	0
2026-04-14	31	37492.50	38760.00	295	0	0.00	4
2026-04-15	29	30078.37	31160.00	285	0	0.00	6
2026-04-16	22	29756.74	30190.00	213	0	0.00	6
2026-04-17	21	23586.42	24490.00	199	0	0.00	8
2026-04-18	24	22056.73	23150.00	215	0	0.00	2
2026-04-19	13	11108.93	11420.00	120	0	0.00	1
2026-04-20	23	27521.70	27580.00	227	0	0.00	7
2026-04-21	41	54714.07	57010.00	404	0	0.00	11
2026-04-22	50	63463.54	64302.00	480	0	0.00	13
2026-04-23	32	37756.60	38820.00	304	0	0.00	6
2026-04-24	34	50270.95	52110.00	331	0	0.00	12
2026-04-25	17	17850.00	18190.00	164	0	0.00	3
2026-04-26	14	21815.82	22100.00	140	0	0.00	6
2026-04-27	29	32735.50	33090.00	279	0	0.00	9
2026-04-28	53	67482.60	68995.00	520	0	0.00	19
2026-04-29	35	42073.84	42940.00	342	0	0.00	12
2026-04-30	34	39551.72	40220.00	329	0	0.00	12
2026-05-01	14	15879.21	17050.00	132	0	0.00	2
2026-05-02	21	20515.27	20580.00	195	0	0.00	8
2026-05-03	9	7757.21	7890.00	80	0	0.00	2
2026-05-04	29	29840.28	30800.00	274	0	0.00	8
2026-05-05	20	24205.96	24900.00	195	0	0.00	5
2026-05-06	27	27217.25	27380.00	262	0	0.00	6
2026-05-07	32	38856.93	39411.00	314	0	0.00	10
2026-05-08	24	28455.77	29140.00	223	0	0.00	7
2026-05-09	23	24753.30	25190.00	221	0	0.00	9
2026-05-10	21	23498.39	23790.00	211	0	0.00	5
2026-05-11	25	32357.19	32980.00	240	0	0.00	5
2026-05-12	16	17559.90	17650.00	158	0	0.00	3
2026-05-13	41	48669.51	50080.00	396	0	0.00	9
2026-05-14	29	38583.17	39060.00	283	0	0.00	11
2026-05-15	15	19877.00	20180.00	144	0	0.00	3
2026-05-16	15	15399.67	16000.00	136	0	0.00	2
2026-05-17	14	19441.12	19680.00	138	0	0.00	3
2026-05-18	24	33222.55	33620.00	241	0	0.00	2
2026-05-19	35	38438.78	38810.00	332	0	0.00	2
2026-05-20	39	51455.85	51835.00	384	0	0.00	7
2026-05-21	23	27579.47	27950.00	231	0	0.00	4
2026-05-22	25	28372.34	28950.00	242	0	0.00	3
2026-05-23	22	30587.99	30970.00	218	0	0.00	4
2026-05-24	14	14790.02	15000.00	136	0	0.00	3
2026-05-25	40	52566.24	53400.00	394	0	0.00	7
2026-05-26	33	41246.96	42560.00	323	0	0.00	6
2026-05-27	36	42785.53	43065.00	347	0	0.00	6
2026-05-28	37	59853.73	60430.00	364	0	0.00	7
2026-05-29	47	63910.39	64810.00	467	0	0.00	10
2026-05-30	37	42314.69	42570.00	371	0	0.00	5
2026-05-31	39	50449.68	51190.00	389	0	0.00	7
2026-06-01	21	25787.99	26560.00	200	0	0.00	4
2026-06-02	29	35427.58	35576.00	278	0	0.00	3
2026-06-03	41	54406.79	55100.00	389	0	0.00	1
2026-06-04	42	55342.83	56610.00	419	0	0.00	11
2026-06-05	36	51448.85	51812.00	356	0	0.00	5
2026-06-06	31	36756.91	37466.00	302	0	0.00	1
2026-06-07	32	36574.54	36690.00	308	0	0.00	3
2026-06-08	33	45156.55	45850.00	323	0	0.00	5
2026-06-09	44	58626.09	59080.00	425	0	0.00	8
2026-06-10	45	51601.74	52387.00	413	0	0.00	3
2026-06-11	45	54210.91	54990.00	431	0	0.00	9
2026-06-12	43	55117.13	55575.00	432	0	0.00	5
2026-06-13	32	59911.18	60890.00	310	0	0.00	8
2026-06-14	32	42647.95	42770.00	322	0	0.00	3
2026-06-15	52	64285.86	64790.00	504	0	0.00	7
2026-06-16	46	66004.46	66855.00	460	0	0.00	10
2026-06-17	40	44078.00	44550.00	382	0	0.00	2
2026-06-18	31	42158.23	42650.00	307	0	0.00	4
2026-06-19	25	34249.07	34480.00	243	0	0.00	4
2026-06-20	31	42134.89	42425.00	308	0	0.00	9
2026-06-22	57	81319.52	83230.00	535	0	0.00	12
2026-06-23	46	52727.63	53150.00	430	0	0.00	4
2026-06-24	51	74928.14	75590.00	490	0	0.00	12
2026-06-25	50	58861.94	59070.00	498	0	0.00	8
2026-06-26	38	53906.36	54480.00	366	0	0.00	8
2026-06-27	28	35370.97	35700.00	274	0	0.00	11
2026-06-28	31	30571.26	30640.00	296	0	0.00	4
2026-06-29	58	75946.38	76315.00	572	0	0.00	12
2026-06-30	49	62638.56	62928.00	475	0	0.00	8
2026-07-01	20	22355.00	22380.00	198	0	0.00	3
2026-07-02	15	15708.00	15830.00	142	0	0.00	3
2026-07-03	19	24349.33	24530.00	190	0	0.00	2
2026-07-04	23	32212.84	32290.00	220	0	0.00	4
2026-07-05	27	31970.16	32110.00	266	0	0.00	3
2026-07-06	32	39669.46	39770.00	311	0	0.00	7
2026-07-07	39	55734.00	56020.00	371	0	0.00	9
2026-07-08	66	99378.61	99520.00	651	0	0.00	16
2026-07-09	48	62472.88	63260.00	466	0	0.00	10
2026-07-10	44	59916.90	60210.00	435	0	0.00	4
2026-07-11	33	31747.54	31954.00	320	0	0.00	4
2026-07-12	24	25868.00	25905.00	235	0	0.00	2
2026-07-13	46	56549.96	56625.00	459	0	0.00	8
2026-07-14	47	54722.15	54969.00	451	0	0.00	6
2026-07-15	40	47853.73	47990.00	396	0	0.00	7
2026-07-16	42	57708.06	57725.00	418	0	0.00	8
2026-07-17	39	59309.42	59515.00	390	0	0.00	10
2026-07-18	33	35421.50	35560.00	323	0	0.00	2
2026-07-19	26	28485.60	28840.00	254	0	0.00	5
2026-07-20	40	47272.00	47288.00	383	0	0.00	9
2026-07-21	32	33424.15	33450.00	293	0	0.00	3
2026-07-22	43	57924.10	58400.00	427	0	0.00	6
2026-07-23	27	36848.56	37270.00	266	0	0.00	6
2026-07-24	32	42929.96	43010.00	317	0	0.00	6
2026-07-25	32	38718.70	38750.00	317	0	0.00	4
2026-07-26	25	23084.00	23580.00	240	0	0.00	2
2026-07-27	31	51346.00	53568.00	301	0	0.00	9
2026-07-28	26	29673.14	29680.00	248	0	0.00	1
2026-07-29	22	31580.00	31590.00	212	0	0.00	3
2026-07-30	26	27223.26	27360.00	262	0	0.00	3
2026-07-31	29	38235.00	39087.00	285	0	0.00	8
2026-08-01	10	11091.00	11130.00	96	0	0.00	4
2026-08-02	25	30013.00	30070.00	235	0	0.00	2
2026-08-03	28	29371.00	29470.00	274	0	0.00	1
2026-08-04	30	29629.00	29650.00	300	0	0.00	4
2026-08-05	27	26127.00	26156.00	256	0	0.00	1
2026-08-06	32	36099.00	36120.00	320	0	0.00	2
2026-08-07	22	26628.00	26705.00	208	0	0.00	4
2026-08-08	41	43010.00	43020.00	402	0	0.00	4
2026-08-09	17	18776.00	18780.00	161	0	0.00	1
2026-08-10	27	24986.00	25006.00	261	0	0.00	5
2026-08-11	17	16150.01	16250.01	161	0	0.00	2
2026-08-12	22	31582.02	31820.02	213	0	0.00	2
2026-08-13	32	42840.00	42840.00	307	0	0.00	9
2026-08-14	16	22180.00	22180.00	160	0	0.00	3
2026-08-15	17	18639.03	18640.03	166	0	0.00	5
2026-08-16	9	12360.00	12380.00	90	0	0.00	2
2026-08-17	20	23841.02	23831.02	201	0	0.00	3
2026-08-18	28	37510.02	37510.02	274	0	0.00	5
2026-08-19	26	31060.01	31060.01	260	0	0.00	4
2026-08-20	16	20290.00	20290.00	156	0	0.00	1
2026-08-21	22	27910.01	27910.01	213	0	0.00	3
2026-08-22	20	18868.00	18868.00	193	0	0.00	1
2026-08-23	20	22260.00	22260.00	198	0	0.00	1
2026-08-24	20	28730.00	28730.00	192	0	0.00	3
2026-08-25	27	31300.01	31300.01	266	0	0.00	3
2026-08-26	23	23029.00	23030.00	223	0	0.00	2
2026-08-27	21	26020.00	26020.00	196	0	0.00	2
2026-08-29	20	23930.00	23930.00	196	0	0.00	0
2026-08-30	21	24920.00	24920.00	198	0	0.00	1
2026-08-31	34	39200.00	39300.00	330	0	0.00	6
2026-09-02	8	8151.44	7335.00	68	8	575.00	1
2026-09-03	14	10316.00	8780.00	128	14	490.00	0
2026-09-04	34	34764.00	30095.00	331	34	1990.00	1
2026-09-05	31	31955.00	28133.00	308	31	2140.00	1
2026-09-07	34	26842.00	23919.00	325	34	1698.00	4
2026-09-08	32	31569.00	27995.00	303	32	1834.00	1
2026-09-09	28	24735.00	21881.00	261	28	1351.00	1
2026-09-10	2	1358.00	1257.00	20	2	100.00	0
