d	n	rem_now	contract	price	paid_after
2025-01-31	2095	113236.01	2235952.52	2673107.00	1274556.05
2025-02-28	2172	134586.60	2307766.85	2760775.00	1309503.03
2025-03-31	2162	144738.66	2308709.65	2745666.00	1300726.58
2025-04-30	2163	158303.12	2325347.86	2776646.00	1291372.92
2025-05-31	2186	169803.49	2387519.26	2832826.00	1296601.97
2025-06-30	2239	187895.06	2465402.38	2912766.00	1318183.41
2025-07-31	2344	214707.64	2585862.46	3033151.00	1388929.98
2025-08-31	2286	222064.27	2552749.95	2994021.00	1305837.62
2025-09-30	2266	235955.13	2593287.62	3023001.00	1311252.15
2025-10-31	2271	255739.91	2604026.31	3009662.00	1286522.52
2025-11-30	2367	326804.70	2765322.12	3159619.00	1383113.34
2025-12-31	2682	503673.47	3191071.49	3589736.00	1607577.11
2026-01-31	2947	670101.01	3526710.99	3929671.00	1748503.15
2026-02-28	3371	986216.91	4067273.78	4463625.00	1845293.84
2026-03-31	3868	1423286.07	4699848.14	5087225.00	1864138.48
2026-04-30	4328	1903158.19	5267815.19	5649532.00	1773865.61
2026-05-31	4907	2558457.13	6013232.37	6388208.00	1639565.21
2026-06-30	5826	3658170.13	7261578.70	7620257.00	1464186.76
2026-07-31	6592	4721937.96	8262734.90	8590706.00	1044103.10
2026-08-31	7012	5416551.41	8785539.68	9080968.13	414096.47
2026-09-21	7300	5886480.33	9067251.65	9284658.13	0.00
